episode,flow_id,src_x,dst_x,timestamp,throughput_mbps,rtt_ms,jitter_ms,loss_pct,weighted_reward,decision,reward_rolling_mean,src_y,dst_y,controller_weighted_reward,computed_weighted_reward
1,e1-h2-h4-g1,h2,h4,2026-05-27 19:18:58.112309+00:00,95.3,29.438499999999998,0.029,0.033,-0.077,1,-0.077,h2,h4,-0.077,-0.0209565
1,e1-h1-h4-g2,h1,h4,2026-05-27 19:20:36.292400+00:00,95.4,26.2085,0.029,0.036,-0.05,2,-0.0635,h1,h4,-0.05,-0.017806499999999996
1,e1-h1-h5-g0,h1,h5,2026-05-27 19:21:07.719470+00:00,95.3,29.185499999999998,0.04,0.039,-0.073,3,-0.06666666666666667,h1,h5,-0.073,-0.020905499999999997
2,e2-h1-h4-g2,h1,h4,2026-05-27 19:23:16.833171+00:00,95.3,27.271,0.039,0.047,-0.051,4,-0.06275,h1,h4,-0.051,-0.019229000000000003
2,e2-h2-h4-g1,h2,h4,2026-05-27 19:23:49.251633+00:00,95.4,28.429499999999997,0.027,0.038,-0.067,5,-0.0636,h2,h4,-0.067,-0.020083499999999994
2,e2-h1-h5-g0,h1,h5,2026-05-27 19:24:21.019714+00:00,95.3,27.887500000000003,0.026,0.032,-0.052,6,-0.06166666666666667,h1,h5,-0.052,-0.0193695
3,e3-h1-h4-g2,h1,h4,2026-05-27 19:26:28.370365+00:00,95.3,26.799500000000002,0.028,0.029,-0.051,7,-0.060142857142857144,h1,h4,-0.051,-0.0181955
3,e3-h1-h5-g0,h1,h5,2026-05-27 19:27:00.713961+00:00,95.4,38.814,0.026,0.034,-0.113,8,-0.06675,h1,h5,-0.113,-0.030346
3,e3-h2-h4-g1,h2,h4,2026-05-27 19:27:32.383556+00:00,95.4,36.0085,0.014,0.016,-0.105,9,-0.07100000000000001,h2,h4,-0.105,-0.0269765
4,e4-h1-h4-g2,h1,h4,2026-05-27 19:29:40.826000+00:00,95.3,27.474,0.034,0.039,-0.052,10,-0.0691,h1,h4,-0.052,-0.019182
4,e4-h2-h4-g1,h2,h4,2026-05-27 19:30:13.969663+00:00,95.4,27.064500000000002,0.026,0.036,-0.065,11,-0.06872727272727273,h2,h4,-0.065,-0.0186565
4,e4-h1-h5-g0,h1,h5,2026-05-27 19:30:47.070921+00:00,95.3,28.4425,0.036,0.038,-0.072,12,-0.06899999999999999,h1,h5,-0.072,-0.020124499999999997
5,e5-h1-h5-g0,h1,h5,2026-05-27 19:32:54.091695+00:00,95.3,26.2165,0.021,0.02,-0.051,13,-0.06761538461538462,h1,h5,-0.051,-0.0173285
5,e5-h1-h4-g2,h1,h4,2026-05-27 19:33:27.091285+00:00,95.4,38.4955,0.026,0.04,-0.112,14,-0.07078571428571429,h1,h4,-0.112,-0.0302075
5,e5-h2-h4-g1,h2,h4,2026-05-27 19:34:00.211782+00:00,95.3,28.3565,0.034,0.036,-0.071,15,-0.0708,h2,h4,-0.071,-0.0199745
6,e6-h1-h5-g0,h1,h5,2026-05-27 19:36:09.357949+00:00,95.3,27.384,0.029,0.033,-0.069,16,-0.0706875,h1,h5,-0.069,-0.018902
6,e6-h1-h4-g2,h1,h4,2026-05-27 19:36:41.941626+00:00,95.3,27.1025,0.023,0.03,-0.053,17,-0.06964705882352941,h1,h4,-0.053,-0.0185185
6,e6-h2-h4-g1,h2,h4,2026-05-27 19:37:14.362805+00:00,95.4,26.924500000000002,0.026,0.039,-0.067,18,-0.06949999999999999,h2,h4,-0.067,-0.018606499999999998
7,e7-h1-h4-g2,h1,h4,2026-05-27 19:38:17.020154+00:00,95.4,36.7965,0.031,0.045,-0.101,19,-0.07115789473684211,h1,h4,-0.101,-0.028668500000000003
7,e7-h2-h4-g1,h2,h4,2026-05-27 19:39:53.917064+00:00,95.3,27.886499999999998,0.022,0.025,-0.069,20,-0.07105,h2,h4,-0.069,-0.019150499999999997
7,e7-h1-h5-g0,h1,h5,2026-05-27 19:40:26.818817+00:00,95.3,27.070999999999998,0.026,0.028,-0.051,21,-0.06975,h1,h5,-0.051,-0.018432999999999998
8,e8-h1-h4-g2,h1,h4,2026-05-27 19:42:03.470083+00:00,95.4,38.498999999999995,0.019,0.028,-0.06,22,-0.07025,h1,h4,-0.06,-0.029837
8,e8-h1-h5-g0,h1,h5,2026-05-27 19:43:08.078896+00:00,95.3,28.177500000000002,0.029,0.039,-0.054,23,-0.0693,h1,h5,-0.054,-0.0198755
8,e8-h2-h4-g1,h2,h4,2026-05-27 19:43:39.690207+00:00,95.4,25.692,0.018,0.027,-0.051,24,-0.0693,h2,h4,-0.051,-0.016998000000000003
9,e9-h1-h4-g2,h1,h4,2026-05-27 19:45:13.490408+00:00,95.3,27.223999999999997,0.027,0.034,-0.052,25,-0.06855,h1,h4,-0.052,-0.018767999999999996
9,e9-h2-h4-g1,h2,h4,2026-05-27 19:46:16.649151+00:00,95.4,25.679000000000002,0.013,0.012,-0.054,26,-0.06865,h2,h4,-0.054,-0.016525
9,e9-h1-h5-g0,h1,h5,2026-05-27 19:46:50.014537+00:00,95.3,28.512,0.037,0.037,-0.054,27,-0.0688,h1,h5,-0.054,-0.020166
10,e10-h2-h4-g1,h2,h4,2026-05-27 19:48:58.711041+00:00,95.4,26.573,0.02,0.027,-0.058,28,-0.06605,h2,h4,-0.058,-0.017883
10,e10-h1-h5-g0,h1,h5,2026-05-27 19:49:30.501539+00:00,95.3,29.637,0.043,0.042,-0.072,29,-0.0644,h1,h5,-0.072,-0.021453
10,e10-h1-h4-g2,h1,h4,2026-05-27 19:50:03.158941+00:00,95.4,37.012,0.028,0.039,-0.116,30,-0.0676,h1,h4,-0.116,-0.028698000000000005
11,e11-h2-h4-g1,h2,h4,2026-05-27 19:52:10.714936+00:00,95.4,39.2685,0.019,0.033,-0.067,31,-0.06770000000000001,h2,h4,-0.067,-0.030756500000000006
11,e11-h1-h5-g0,h1,h5,2026-05-27 19:52:42.347839+00:00,95.4,40.071,0.029,0.035,-0.115,32,-0.06985,h1,h5,-0.115,-0.031638999999999994
11,e11-h1-h4-g2,h1,h4,2026-05-27 19:53:16.302433+00:00,95.3,28.3425,0.03,0.031,-0.069,33,-0.07075000000000001,h1,h4,-0.069,-0.0198025
12,e12-h2-h4-g1,h2,h4,2026-05-27 19:54:51.306828+00:00,95.4,38.9975,0.014,0.016,-0.118,34,-0.07104999999999999,h2,h4,-0.118,-0.029965500000000006
12,e12-h1-h5-g0,h1,h5,2026-05-27 19:55:23.235325+00:00,95.4,38.2425,0.022,0.027,-0.063,35,-0.07065,h1,h5,-0.063,-0.0295565
12,e12-h1-h4-g2,h1,h4,2026-05-27 19:56:28.347570+00:00,95.3,28.424500000000002,0.044,0.054,-0.053,36,-0.06985,h1,h4,-0.053,-0.020602500000000003
13,e13-h1-h5-g0,h1,h5,2026-05-27 19:57:31.852221+00:00,95.3,25.914,0.017,0.016,-0.054,37,-0.0699,h1,h5,-0.054,-0.016898000000000003
13,e13-h2-h4-g1,h2,h4,2026-05-27 19:59:08.660538+00:00,95.4,27.316,0.034,0.052,-0.053,38,-0.0692,h2,h4,-0.053,-0.019403999999999998
13,e13-h1-h4-g2,h1,h4,2026-05-27 19:59:40.388403+00:00,95.3,26.567500000000003,0.027,0.034,-0.052,39,-0.06675,h1,h4,-0.052,-0.0181115
14,e14-h1-h5-g0,h1,h5,2026-05-27 20:01:44.813225+00:00,95.3,25.9745,0.018,0.021,-0.052,40,-0.0659,h1,h5,-0.052,-0.017110499999999997
14,e14-h2-h4-g1,h2,h4,2026-05-27 20:02:17.869081+00:00,95.4,25.6045,0.023,0.036,-0.049,41,-0.0658,h2,h4,-0.049,-0.017190500000000004
14,e14-h1-h4-g2,h1,h4,2026-05-27 20:02:49.952504+00:00,95.3,27.7265,0.039,0.049,-0.052,42,-0.0654,h1,h4,-0.052,-0.0197445
15,e15-h2-h4-g1,h2,h4,2026-05-27 20:04:23.452916+00:00,95.4,36.4105,0.016,0.022,-0.061,43,-0.06575,h2,h4,-0.061,-0.0275625
15,e15-h1-h4-g2,h1,h4,2026-05-27 20:05:27.675524+00:00,95.4,26.1555,0.025,0.041,-0.05,44,-0.06570000000000001,h1,h4,-0.05,-0.017895499999999998
15,e15-h1-h5-g0,h1,h5,2026-05-27 20:05:59.819880+00:00,95.3,28.9125,0.046,0.044,-0.052,45,-0.0657,h1,h5,-0.052,-0.020794499999999997
16,e16-h1-h5-g0,h1,h5,2026-05-27 20:07:02.626359+00:00,95.3,26.134999999999998,0.02,0.025,-0.062,46,-0.06609999999999999,h1,h5,-0.062,-0.017394999999999997
16,e16-h2-h4-g1,h2,h4,2026-05-27 20:08:38.517377+00:00,95.4,26.7595,0.02,0.031,-0.053,47,-0.06605000000000001,h2,h4,-0.053,-0.018189499999999997
16,e16-h1-h4-g2,h1,h4,2026-05-27 20:09:11.343388+00:00,95.4,26.7835,0.02,0.029,-0.06,48,-0.06615,h1,h4,-0.06,-0.0181535
17,e17-h1-h4-g2,h1,h4,2026-05-27 20:11:20.345101+00:00,95.4,28.15,0.031,0.05,-0.071,49,-0.06609999999999999,h1,h4,-0.071,-0.020171999999999995
17,e17-h1-h5-g0,h1,h5,2026-05-27 20:11:52.340074+00:00,95.3,24.7915,0.017,0.016,-0.05,50,-0.0628,h1,h5,-0.05,-0.015775499999999998
17,e17-h2-h4-g1,h2,h4,2026-05-27 20:12:24.704498+00:00,95.4,27.3395,0.027,0.043,-0.054,51,-0.06215,h2,h4,-0.054,-0.0191435
18,e18-h1-h4-g2,h1,h4,2026-05-27 20:13:27.628406+00:00,95.4,25.159,0.012,0.011,-0.053,52,-0.05904999999999999,h1,h4,-0.053,-0.015972999999999998
18,e18-h2-h4-g1,h2,h4,2026-05-27 20:14:32.859411+00:00,95.3,31.069000000000003,0.056,0.053,-0.086,53,-0.059899999999999995,h2,h4,-0.086,-0.023241000000000005
18,e18-h1-h5-g0,h1,h5,2026-05-27 20:15:38.281872+00:00,95.4,38.7085,0.019,0.031,-0.11,54,-0.0595,h1,h5,-0.11,-0.0301365
19,e19-h2-h4-g1,h2,h4,2026-05-27 20:16:41.425002+00:00,95.4,28.088,0.022,0.029,-0.057,55,-0.059199999999999996,h2,h4,-0.057,-0.019462
19,e19-h1-h4-g2,h1,h4,2026-05-27 20:18:18.439580+00:00,95.4,38.076,0.036,0.038,-0.104,56,-0.06174999999999999,h1,h4,-0.104,-0.029747999999999997
19,e19-h1-h5-g0,h1,h5,2026-05-27 20:18:50.104360+00:00,95.3,25.8955,0.018,0.022,-0.061,57,-0.0621,h1,h5,-0.061,-0.0170615
20,e20-h1-h4-g2,h1,h4,2026-05-27 20:20:57.079981+00:00,95.4,24.9455,0.012,0.0096,-0.054,58,-0.06215,h1,h4,-0.054,-0.015717499999999995
20,e20-h2-h4-g1,h2,h4,2026-05-27 20:21:29.805004+00:00,95.4,39.547,0.023,0.032,-0.115,59,-0.0653,h2,h4,-0.115,-0.031013
20,e20-h1-h5-g0,h1,h5,2026-05-27 20:22:01.667036+00:00,95.3,26.945,0.026,0.032,-0.052,60,-0.0653,h1,h5,-0.052,-0.018427
21,e21-h2-h4-g1,h2,h4,2026-05-27 20:23:36.811688+00:00,95.4,25.4145,0.019,0.025,-0.051,61,-0.0654,h2,h4,-0.051,-0.0166625
21,e21-h1-h5-g0,h1,h5,2026-05-27 20:24:42.988966+00:00,95.3,25.2735,0.016,0.014,-0.05,62,-0.0653,h1,h5,-0.05,-0.016195499999999998
21,e21-h1-h4-g2,h1,h4,2026-05-27 20:25:15.501508+00:00,95.4,27.083,0.026,0.037,-0.052,63,-0.06484999999999999,h1,h4,-0.052,-0.018704999999999996
22,e22-h1-h4-g2,h1,h4,2026-05-27 20:26:18.450861+00:00,95.3,27.062,0.025,0.027,-0.064,64,-0.06555,h1,h4,-0.064,-0.018392000000000006
22,e22-h1-h5-g0,h1,h5,2026-05-27 20:27:56.746013+00:00,95.3,27.381,0.034,0.043,-0.07,65,-0.06645000000000001,h1,h5,-0.07,-0.019208999999999997
22,e22-h2-h4-g1,h2,h4,2026-05-27 20:28:29.868533+00:00,95.4,27.7205,0.032,0.044,-0.07,66,-0.06684999999999999,h2,h4,-0.07,-0.019564500000000002
23,e23-h1-h5-g0,h1,h5,2026-05-27 20:30:05.291358+00:00,95.3,25.5265,0.017,0.017,-0.05,67,-0.0667,h1,h5,-0.05,-0.016540499999999996
23,e23-h1-h4-g2,h1,h4,2026-05-27 20:30:37.105244+00:00,95.3,28.360500000000002,0.034,0.042,-0.072,68,-0.0673,h1,h4,-0.072,-0.0201585
23,e23-h2-h4-g1,h2,h4,2026-05-27 20:31:41.882003+00:00,95.4,27.479999999999997,0.029,0.039,-0.069,69,-0.06720000000000001,h2,h4,-0.069,-0.019167999999999998
24,e24-h2-h4-g1,h2,h4,2026-05-27 20:33:48.091521+00:00,95.3,26.961,0.023,0.022,-0.054,70,-0.0674,h2,h4,-0.054,-0.018137
24,e24-h1-h5-g0,h1,h5,2026-05-27 20:34:20.419673+00:00,95.4,38.969,0.02,0.028,-0.061,71,-0.06775,h1,h5,-0.061,-0.030309000000000003
24,e24-h1-h4-g2,h1,h4,2026-05-27 20:34:53.820912+00:00,95.3,27.364,0.035,0.038,-0.049,72,-0.06755,h1,h4,-0.049,-0.019044
25,e25-h1-h5-g0,h1,h5,2026-05-27 20:35:55.735659+00:00,95.3,27.0375,0.024,0.027,-0.053,73,-0.0659,h1,h5,-0.053,-0.018365500000000003
25,e25-h2-h4-g1,h2,h4,2026-05-27 20:36:58.925397+00:00,95.4,25.960500000000003,0.015,0.02,-0.061,74,-0.06345,h2,h4,-0.061,-0.017050500000000003
25,e25-h1-h4-g2,h1,h4,2026-05-27 20:38:03.216772+00:00,95.3,27.8765,0.029,0.032,-0.068,75,-0.064,h1,h4,-0.068,-0.019364499999999996
26,e26-h1-h5-g0,h1,h5,2026-05-27 20:39:37.521834+00:00,95.3,27.121000000000002,0.023,0.022,-0.067,76,-0.062150000000000004,h1,h5,-0.067,-0.018297000000000004
26,e26-h1-h4-g2,h1,h4,2026-05-27 20:40:43.290193+00:00,95.2,26.7665,0.025,0.034,-0.064,77,-0.0623,h1,h4,-0.064,-0.018316500000000003
26,e26-h2-h4-g1,h2,h4,2026-05-27 20:41:16.717287+00:00,95.4,26.861,0.024,0.038,-0.054,78,-0.06230000000000001,h2,h4,-0.054,-0.018508999999999994
27,e27-h1-h4-g2,h1,h4,2026-05-27 20:42:51.550117+00:00,95.4,25.736,0.016,0.02,-0.055,79,-0.059300000000000005,h1,h4,-0.055,-0.016828000000000003
27,e27-h1-h5-g0,h1,h5,2026-05-27 20:43:56.640466+00:00,95.3,28.049,0.028,0.035,-0.067,80,-0.060050000000000006,h1,h5,-0.067,-0.019625
27,e27-h2-h4-g1,h2,h4,2026-05-27 20:44:28.124670+00:00,95.4,30.0765,0.059,0.072,-0.084,81,-0.0617,h2,h4,-0.084,-0.022814499999999998
28,e28-h2-h4-g1,h2,h4,2026-05-27 20:46:36.155430+00:00,95.4,29.144,0.03,0.041,-0.075,82,-0.06295,h2,h4,-0.075,-0.020893999999999996
28,e28-h1-h4-g2,h1,h4,2026-05-27 20:47:08.335328+00:00,95.3,27.061999999999998,0.026,0.032,-0.054,83,-0.06305000000000001,h1,h4,-0.054,-0.018543999999999998
28,e28-h1-h5-g0,h1,h5,2026-05-27 20:47:40.980586+00:00,95.3,25.6485,0.014,0.012,-0.052,84,-0.062450000000000006,h1,h5,-0.052,-0.016506499999999997
29,e29-h1-h4-g2,h1,h4,2026-05-27 20:49:15.660604+00:00,95.4,35.054,0.017,0.027,-0.052,85,-0.061549999999999994,h1,h4,-0.052,-0.026358000000000003
29,e29-h2-h4-g1,h2,h4,2026-05-27 20:50:19.983222+00:00,95.4,26.156,0.02,0.026,-0.061,86,-0.06110000000000001,h2,h4,-0.061,-0.017435999999999997
29,e29-h1-h5-g0,h1,h5,2026-05-27 20:50:51.754117+00:00,95.3,27.424500000000002,0.031,0.034,-0.052,87,-0.0612,h1,h5,-0.052,-0.0189765
30,e30-h2-h4-g1,h2,h4,2026-05-27 20:52:26.083146+00:00,95.4,26.508499999999998,0.029,0.044,-0.051,88,-0.06015,h2,h4,-0.051,-0.018346499999999995
30,e30-h1-h4-g2,h1,h4,2026-05-27 20:52:58.967866+00:00,95.4,27.0,0.035,0.047,-0.05,89,-0.059199999999999996,h1,h4,-0.05,-0.01894
30,e30-h1-h5-g0,h1,h5,2026-05-27 20:54:03.788715+00:00,95.3,27.307499999999997,0.024,0.025,-0.053,90,-0.05915,h1,h5,-0.053,-0.018575499999999998
31,e31-h1-h5-g0,h1,h5,2026-05-27 20:55:07.056616+00:00,95.3,26.8215,0.027,0.034,-0.065,91,-0.05935,h1,h5,-0.065,-0.0183655
31,e31-h1-h4-g2,h1,h4,2026-05-27 20:56:42.994594+00:00,95.3,27.5475,0.036,0.043,-0.069,92,-0.06035,h1,h4,-0.069,-0.019379499999999997
31,e31-h2-h4-g1,h2,h4,2026-05-27 20:57:14.295621+00:00,95.4,26.127,0.02,0.025,-0.061,93,-0.06074999999999999,h2,h4,-0.061,-0.017376999999999997
32,e32-h1-h5-g0,h1,h5,2026-05-27 20:58:48.147847+00:00,95.3,27.868499999999997,0.027,0.027,-0.067,94,-0.06105000000000001,h1,h5,-0.067,-0.019202499999999997
32,e32-h1-h4-g2,h1,h4,2026-05-27 20:59:54.799079+00:00,95.3,28.431,0.032,0.036,-0.054,95,-0.060349999999999994,h1,h4,-0.054,-0.020045000000000004
32,e32-h2-h4-g1,h2,h4,2026-05-27 21:00:28.279460+00:00,95.4,25.5925,0.018,0.026,-0.051,96,-0.059550000000000006,h2,h4,-0.051,-0.016868499999999998
33,e33-h1-h4-g2,h1,h4,2026-05-27 21:02:03.168267+00:00,95.3,26.128,0.016,0.017,-0.055,97,-0.0591,h1,h4,-0.055,-0.01714
33,e33-h2-h4-g1,h2,h4,2026-05-27 21:03:07.665965+00:00,95.4,26.200000000000003,0.022,0.026,-0.051,98,-0.05894999999999999,h2,h4,-0.051,-0.017484
33,e33-h1-h5-g0,h1,h5,2026-05-27 21:03:39.720461+00:00,95.4,38.4615,0.03,0.041,-0.109,99,-0.061649999999999996,h1,h5,-0.109,-0.030211500000000002
34,e34-h1-h4-g2,h1,h4,2026-05-27 21:05:48.511937+00:00,95.3,26.625500000000002,0.023,0.026,-0.061,100,-0.06135,h1,h4,-0.061,-0.017921500000000003
34,e34-h2-h4-g1,h2,h4,2026-05-27 21:06:20.864809+00:00,95.4,27.5765,0.028,0.035,-0.051,101,-0.059699999999999996,h2,h4,-0.051,-0.019142499999999996
34,e34-h1-h5-g0,h1,h5,2026-05-27 21:06:53.045980+00:00,95.4,38.629999999999995,0.02,0.032,-0.114,102,-0.06165,h1,h5,-0.114,-0.030089999999999995
35,e35-h1-h4-g2,h1,h4,2026-05-27 21:08:59.582172+00:00,95.3,25.274,0.026,0.014,-0.055,103,-0.0617,h1,h4,-0.055,-0.016216
35,e35-h1-h5-g0,h1,h5,2026-05-27 21:09:32.440723+00:00,95.3,27.2635,0.045,0.043,-0.069,104,-0.06255,h1,h5,-0.069,-0.0191135
35,e35-h2-h4-g1,h2,h4,2026-05-27 21:10:04.209872+00:00,95.4,26.766,0.034,0.037,-0.052,105,-0.06255000000000001,h2,h4,-0.052,-0.018403999999999997
36,e36-h2-h4-g1,h2,h4,2026-05-27 21:11:39.770924+00:00,95.3,25.552500000000002,0.017,0.018,-0.057,106,-0.062349999999999996,h2,h4,-0.057,-0.0165965
36,e36-h1-h4-g2,h1,h4,2026-05-27 21:12:12.478057+00:00,95.4,29.804000000000002,0.064,0.08,-0.082,107,-0.06385,h1,h4,-0.082,-0.022791999999999996
36,e36-h1-h5-g0,h1,h5,2026-05-27 21:13:15.359839+00:00,95.3,28.1735,0.03,0.03,-0.066,108,-0.06459999999999999,h1,h5,-0.066,-0.019603500000000003
37,e37-h1-h5-g0,h1,h5,2026-05-27 21:14:51.001578+00:00,95.3,27.0575,0.021,0.026,-0.057,109,-0.06495000000000001,h1,h5,-0.057,-0.0183495
37,e37-h1-h4-g2,h1,h4,2026-05-27 21:15:22.689462+00:00,95.3,28.214,0.037,0.039,-0.05,110,-0.0648,h1,h4,-0.05,-0.019928
37,e37-h2-h4-g1,h2,h4,2026-05-27 21:16:27.645047+00:00,95.4,26.573500000000003,0.025,0.041,-0.053,111,-0.06420000000000001,h2,h4,-0.053,-0.0183135
38,e38-h2-h4-g1,h2,h4,2026-05-27 21:18:36.911527+00:00,95.4,38.79,0.028,0.038,-0.108,112,-0.06615,h2,h4,-0.108,-0.030445999999999997
38,e38-h1-h4-g2,h1,h4,2026-05-27 21:19:08.415650+00:00,95.4,26.7855,0.031,0.042,-0.068,113,-0.0665,h1,h4,-0.068,-0.018567499999999997
38,e38-h1-h5-g0,h1,h5,2026-05-27 21:19:40.079523+00:00,95.3,27.5045,0.029,0.035,-0.066,114,-0.06645,h1,h5,-0.066,-0.0190825
39,e39-h2-h4-g1,h2,h4,2026-05-27 21:21:45.863250+00:00,95.4,28.681,0.049,0.066,-0.054,115,-0.06645000000000001,h2,h4,-0.054,-0.021219
39,e39-h1-h5-g0,h1,h5,2026-05-27 21:22:18.870522+00:00,95.3,28.402,0.031,0.036,-0.057,116,-0.06675,h1,h5,-0.057,-0.020014
39,e39-h1-h4-g2,h1,h4,2026-05-27 21:22:51.737509+00:00,95.3,27.822000000000003,0.03,0.031,-0.057,117,-0.06684999999999999,h1,h4,-0.057,-0.019282000000000004
40,e40-h1-h4-g2,h1,h4,2026-05-27 21:23:54.656527+00:00,95.4,36.0575,0.013,0.015,-0.053,118,-0.06695000000000001,h1,h4,-0.053,-0.0269935
40,e40-h1-h5-g0,h1,h5,2026-05-27 21:25:32.207189+00:00,95.3,27.999000000000002,0.036,0.044,-0.055,119,-0.06425,h1,h5,-0.055,-0.019861
40,e40-h2-h4-g1,h2,h4,2026-05-27 21:26:04.446544+00:00,95.4,36.8645,0.027,0.044,-0.113,120,-0.06684999999999999,h2,h4,-0.113,-0.0286985
41,e41-h1-h4-g2,h1,h4,2026-05-27 21:27:39.518394+00:00,95.4,26.2405,0.017,0.025,-0.063,121,-0.06745,h1,h4,-0.063,-0.0174845
41,e41-h1-h5-g0,h1,h5,2026-05-27 21:28:12.507296+00:00,95.3,28.332500000000003,0.042,0.04,-0.052,122,-0.06434999999999999,h1,h5,-0.052,-0.020086500000000004
41,e41-h2-h4-g1,h2,h4,2026-05-27 21:29:17.701640+00:00,95.4,26.5835,0.022,0.034,-0.053,123,-0.06425,h2,h4,-0.053,-0.018107499999999995
42,e42-h1-h4-g2,h1,h4,2026-05-27 21:31:25.928578+00:00,95.4,40.6575,0.034,0.047,-0.112,124,-0.0664,h1,h4,-0.112,-0.0325955
42,e42-h2-h4-g1,h2,h4,2026-05-27 21:31:57.851858+00:00,95.4,27.917499999999997,0.034,0.047,-0.053,125,-0.06645,h2,h4,-0.053,-0.019855499999999998
42,e42-h1-h5-g0,h1,h5,2026-05-27 21:32:29.737378+00:00,92.3,29.307499999999997,0.036,0.042,-0.073,126,-0.06725,h1,h5,-0.073,-0.021409499999999998
43,e43-h1-h5-g0,h1,h5,2026-05-27 21:34:37.144438+00:00,95.4,37.706,0.014,0.014,-0.055,127,-0.0659,h1,h5,-0.055,-0.028614000000000004
43,e43-h2-h4-g1,h2,h4,2026-05-27 21:35:09.203715+00:00,95.4,26.695999999999998,0.017,0.023,-0.063,128,-0.06575,h2,h4,-0.063,-0.017879999999999997
43,e43-h1-h4-g2,h1,h4,2026-05-27 21:35:41.572501+00:00,95.3,26.455,0.033,0.043,-0.065,129,-0.06615,h1,h4,-0.065,-0.018281
44,e44-h1-h5-g0,h1,h5,2026-05-27 21:37:49.765690+00:00,95.3,27.7815,0.037,0.044,-0.068,130,-0.06705,h1,h5,-0.068,-0.0196455
44,e44-h2-h4-g1,h2,h4,2026-05-27 21:38:22.286485+00:00,95.4,27.5765,0.033,0.042,-0.053,131,-0.06705,h2,h4,-0.053,-0.019362499999999998
44,e44-h1-h4-g2,h1,h4,2026-05-27 21:38:55.107803+00:00,95.3,27.879,0.038,0.04,-0.072,132,-0.06525,h1,h4,-0.072,-0.019625
45,e45-h1-h4-g2,h1,h4,2026-05-27 21:41:03.713223+00:00,95.3,28.079500000000003,0.04,0.038,-0.052,133,-0.06445000000000001,h1,h4,-0.052,-0.019769500000000002
45,e45-h2-h4-g1,h2,h4,2026-05-27 21:41:36.694415+00:00,95.4,26.369,0.016,0.023,-0.052,134,-0.06375,h2,h4,-0.052,-0.017550999999999997
45,e45-h1-h5-g0,h1,h5,2026-05-27 21:42:09.132042+00:00,95.3,27.490000000000002,0.037,0.047,-0.068,135,-0.06445,h1,h5,-0.068,-0.019444000000000003
46,e46-h2-h4-g1,h2,h4,2026-05-27 21:44:15.447336+00:00,95.4,36.337,0.021,0.027,-0.061,136,-0.06465,h2,h4,-0.061,-0.027649000000000003
46,e46-h1-h4-g2,h1,h4,2026-05-27 21:44:48.579100+00:00,95.3,27.641,0.028,0.035,-0.052,137,-0.0644,h1,h4,-0.052,-0.019216999999999998
46,e46-h1-h5-g0,h1,h5,2026-05-27 21:45:20.235939+00:00,95.3,40.033,0.036,0.039,-0.111,138,-0.0673,h1,h5,-0.111,-0.031744999999999995
47,e47-h1-h5-g0,h1,h5,2026-05-27 21:46:56.809246+00:00,95.3,28.808,0.027,0.033,-0.069,139,-0.06799999999999999,h1,h5,-0.069,-0.020322
47,e47-h2-h4-g1,h2,h4,2026-05-27 21:48:00.835348+00:00,95.4,28.942,0.036,0.044,-0.07,140,-0.06584999999999999,h2,h4,-0.07,-0.020793999999999993
47,e47-h1-h4-g2,h1,h4,2026-05-27 21:48:32.592401+00:00,95.3,31.502499999999998,0.083,0.085,-0.087,141,-0.06705,h1,h4,-0.087,-0.024688499999999995
48,e48-h1-h4-g2,h1,h4,2026-05-27 21:50:42.582825+00:00,95.3,27.951999999999998,0.036,0.038,-0.07,142,-0.06795,h1,h4,-0.07,-0.019633999999999995
48,e48-h2-h4-g1,h2,h4,2026-05-27 21:51:14.910503+00:00,95.4,26.4875,0.021,0.034,-0.055,143,-0.06805,h2,h4,-0.055,-0.018009499999999998
48,e48-h1-h5-g0,h1,h5,2026-05-27 21:51:48.149856+00:00,95.3,28.418,0.029,0.033,-0.058,144,-0.06534999999999999,h1,h5,-0.058,-0.019936
49,e49-h1-h5-g0,h1,h5,2026-05-27 21:53:57.038873+00:00,95.3,28.771499999999996,0.037,0.044,-0.074,145,-0.0664,h1,h5,-0.074,-0.020635499999999994
49,e49-h1-h4-g2,h1,h4,2026-05-27 21:54:28.507362+00:00,95.4,37.1775,0.022,0.033,-0.063,146,-0.0659,h1,h4,-0.063,-0.028671500000000003
49,e49-h2-h4-g1,h2,h4,2026-05-27 21:55:00.942161+00:00,95.4,26.7895,0.022,0.032,-0.062,147,-0.06625,h2,h4,-0.062,-0.0182535
50,e50-h1-h4-g2,h1,h4,2026-05-27 21:56:03.515679+00:00,95.3,35.217,0.16,0.13,-0.059,148,-0.06605,h1,h4,-0.059,-0.029907
50,e50-h1-h5-g0,h1,h5,2026-05-27 21:57:42.013671+00:00,95.3,27.915,0.038,0.037,-0.051,149,-0.06534999999999999,h1,h5,-0.051,-0.019570999999999998
50,e50-h2-h4-g1,h2,h4,2026-05-27 21:58:14.410054+00:00,95.4,27.0735,0.025,0.034,-0.067,150,-0.0653,h2,h4,-0.067,-0.018603500000000002
51,e51-h2-h4-g1,h2,h4,2026-05-27 21:59:48.107241+00:00,95.3,27.797,0.026,0.033,-0.067,151,-0.066,h2,h4,-0.067,-0.019309000000000003
51,e51-h1-h4-g2,h1,h4,2026-05-27 22:00:51.994526+00:00,95.4,25.9195,0.02,0.032,-0.053,152,-0.06505,h1,h4,-0.053,-0.017379499999999996
51,e51-h1-h5-g0,h1,h5,2026-05-27 22:01:25.108646+00:00,95.3,26.33,0.021,0.028,-0.051,153,-0.06499999999999999,h1,h5,-0.051,-0.017682
52,e52-h1-h5-g0,h1,h5,2026-05-27 22:03:34.330477+00:00,95.3,26.439,0.02,0.023,-0.061,154,-0.06545000000000001,h1,h5,-0.061,-0.017639
52,e52-h2-h4-g1,h2,h4,2026-05-27 22:04:06.709931+00:00,95.4,26.28,0.023,0.038,-0.063,155,-0.06520000000000001,h2,h4,-0.063,-0.017925999999999997
52,e52-h1-h4-g2,h1,h4,2026-05-27 22:04:38.717903+00:00,95.3,29.0835,0.065,0.069,-0.079,156,-0.0661,h1,h4,-0.079,-0.021753500000000002
53,e53-h1-h4-g2,h1,h4,2026-05-27 22:06:47.584658+00:00,95.3,26.993499999999997,0.03,0.036,-0.052,157,-0.0661,h1,h4,-0.052,-0.0186035
53,e53-h1-h5-g0,h1,h5,2026-05-27 22:07:21.098010+00:00,95.3,28.023,0.034,0.036,-0.053,158,-0.0632,h1,h5,-0.053,-0.019641
53,e53-h2-h4-g1,h2,h4,2026-05-27 22:07:52.848610+00:00,95.4,25.287,0.013,0.013,-0.052,159,-0.06235,h2,h4,-0.052,-0.016163
54,e54-h1-h5-g0,h1,h5,2026-05-27 22:09:28.070946+00:00,95.4,41.7825,0.063,0.067,-0.081,160,-0.0629,h1,h5,-0.081,-0.0343785
54,e54-h2-h4-g1,h2,h4,2026-05-27 22:10:32.538039+00:00,95.4,26.3135,0.025,0.042,-0.051,161,-0.0611,h2,h4,-0.051,-0.0180835
54,e54-h1-h4-g2,h1,h4,2026-05-27 22:11:04.799127+00:00,95.4,40.958,0.032,0.041,-0.117,162,-0.06344999999999999,h1,h4,-0.117,-0.032712000000000005
55,e55-h1-h5-g0,h1,h5,2026-05-27 22:12:06.854953+00:00,95.3,30.008000000000003,0.041,0.039,-0.081,163,-0.06475,h1,h5,-0.081,-0.021730000000000003
55,e55-h2-h4-g1,h2,h4,2026-05-27 22:13:44.582396+00:00,95.4,25.9605,0.022,0.033,-0.061,164,-0.0649,h2,h4,-0.061,-0.017454499999999998
55,e55-h1-h4-g2,h1,h4,2026-05-27 22:14:18.111226+00:00,95.4,39.173500000000004,0.039,0.05,-0.109,165,-0.06665,h1,h4,-0.109,-0.03121150000000001
56,e56-h2-h4-g1,h2,h4,2026-05-27 22:15:55.745617+00:00,95.4,27.401,0.023,0.033,-0.066,166,-0.0668,h2,h4,-0.066,-0.018896999999999997
56,e56-h1-h5-g0,h1,h5,2026-05-27 22:16:28.977954+00:00,95.3,27.201,0.025,0.027,-0.065,167,-0.06695,h1,h5,-0.065,-0.018531000000000002
56,e56-h1-h4-g2,h1,h4,2026-05-27 22:17:34.024390+00:00,95.4,26.546,0.027,0.036,-0.065,168,-0.06725,h1,h4,-0.065,-0.01814
57,e57-h2-h4-g1,h2,h4,2026-05-27 22:19:09.930728+00:00,95.3,28.447499999999998,0.035,0.044,-0.071,169,-0.06825,h2,h4,-0.071,-0.020307499999999996
57,e57-h1-h5-g0,h1,h5,2026-05-27 22:19:43.101453+00:00,95.4,39.067,0.019,0.03,-0.063,170,-0.06805000000000001,h1,h5,-0.063,-0.030465
57,e57-h1-h4-g2,h1,h4,2026-05-27 22:20:47.790053+00:00,95.3,27.7425,0.037,0.034,-0.071,171,-0.06825,h1,h4,-0.071,-0.0193065
58,e58-h2-h4-g1,h2,h4,2026-05-27 22:22:56.244775+00:00,95.4,25.691499999999998,0.015,0.02,-0.057,172,-0.06845,h2,h4,-0.057,-0.016781499999999998
58,e58-h1-h5-g0,h1,h5,2026-05-27 22:23:28.704576+00:00,95.3,27.671,0.034,0.037,-0.052,173,-0.0685,h1,h5,-0.052,-0.019318999999999996
58,e58-h1-h4-g2,h1,h4,2026-05-27 22:24:01.202249+00:00,95.4,25.188,0.013,0.01,-0.055,174,-0.0682,h1,h4,-0.055,-0.015974
59,e59-h1-h5-g0,h1,h5,2026-05-27 22:25:37.525380+00:00,95.3,26.394,0.025,0.031,-0.052,175,-0.06765,h1,h5,-0.052,-0.017844
59,e59-h2-h4-g1,h2,h4,2026-05-27 22:26:41.519393+00:00,95.4,26.069,0.015,0.02,-0.06,176,-0.06670000000000001,h2,h4,-0.06,-0.017158999999999994
59,e59-h1-h4-g2,h1,h4,2026-05-27 22:27:14.176121+00:00,95.3,26.8625,0.022,0.025,-0.06,177,-0.06709999999999999,h1,h4,-0.06,-0.0181265
60,e60-h1-h5-g0,h1,h5,2026-05-27 22:28:49.933532+00:00,95.3,29.409,0.034,0.036,-0.053,178,-0.0671,h1,h5,-0.053,-0.021026999999999997
60,e60-h2-h4-g1,h2,h4,2026-05-27 22:29:22.358477+00:00,95.4,27.217,0.033,0.055,-0.052,179,-0.06709999999999999,h2,h4,-0.052,-0.019392999999999997
60,e60-h1-h4-g2,h1,h4,2026-05-27 22:30:26.269279+00:00,95.3,28.393499999999996,0.033,0.035,-0.073,180,-0.06670000000000001,h1,h4,-0.073,-0.019979499999999994
61,e61-h1-h5-g0,h1,h5,2026-05-27 22:32:00.742997+00:00,94.9,28.829500000000003,0.048,0.058,-0.052,181,-0.06675,h1,h5,-0.052,-0.0211755
61,e61-h2-h4-g1,h2,h4,2026-05-27 22:32:32.312235+00:00,95.4,25.785,0.018,0.027,-0.061,182,-0.06395,h2,h4,-0.061,-0.017091
61,e61-h1-h4-g2,h1,h4,2026-05-27 22:33:36.956305+00:00,95.3,29.072000000000003,0.04,0.038,-0.074,183,-0.06359999999999999,h1,h4,-0.074,-0.020762000000000003
62,e62-h1-h4-g2,h1,h4,2026-05-27 22:35:10.765860+00:00,95.4,26.0845,0.03,0.04,-0.05,184,-0.06305,h1,h4,-0.05,-0.017804499999999997
62,e62-h2-h4-g1,h2,h4,2026-05-27 22:36:15.879002+00:00,95.4,26.2265,0.023,0.03,-0.064,185,-0.0608,h2,h4,-0.064,-0.017632500000000002
62,e62-h1-h5-g0,h1,h5,2026-05-27 22:36:47.672368+00:00,95.3,28.104,0.037,0.042,-0.053,186,-0.060149999999999995,h1,h5,-0.053,-0.019908000000000002
63,e63-h1-h5-g0,h1,h5,2026-05-27 22:37:49.829782+00:00,95.3,28.682000000000002,0.041,0.039,-0.052,187,-0.0595,h1,h5,-0.052,-0.020404000000000002
63,e63-h2-h4-g1,h2,h4,2026-05-27 22:39:28.198000+00:00,95.4,25.686,0.017,0.025,-0.052,188,-0.05885,h2,h4,-0.052,-0.01693
63,e63-h1-h4-g2,h1,h4,2026-05-27 22:40:00.267402+00:00,95.4,26.838,0.028,0.037,-0.051,189,-0.05785,h1,h4,-0.051,-0.018464
64,e64-h2-h4-g1,h2,h4,2026-05-27 22:42:08.455092+00:00,95.4,27.407,0.028,0.04,-0.069,190,-0.05814999999999999,h2,h4,-0.069,-0.019123
64,e64-h1-h5-g0,h1,h5,2026-05-27 22:42:40.358608+00:00,95.3,27.298000000000002,0.025,0.029,-0.067,191,-0.05795,h1,h5,-0.067,-0.018688000000000003
64,e64-h1-h4-g2,h1,h4,2026-05-27 22:43:12.366468+00:00,95.3,28.509,0.038,0.047,-0.057,192,-0.05795,h1,h4,-0.057,-0.020465
65,e65-h2-h4-g1,h2,h4,2026-05-27 22:44:46.925148+00:00,95.4,27.097,0.029,0.047,-0.054,193,-0.058050000000000004,h2,h4,-0.054,-0.019025000000000004
65,e65-h1-h5-g0,h1,h5,2026-05-27 22:45:52.883169+00:00,95.3,26.2035,0.02,0.025,-0.063,194,-0.05845,h1,h5,-0.063,-0.017463499999999996
65,e65-h1-h4-g2,h1,h4,2026-05-27 22:46:24.885457+00:00,95.4,26.871499999999997,0.032,0.048,-0.052,195,-0.05845,h1,h4,-0.052,-0.018835499999999995
66,e66-h2-h4-g1,h2,h4,2026-05-27 22:48:32.652744+00:00,95.4,24.972,0.013,0.011,-0.055,196,-0.058199999999999995,h2,h4,-0.055,-0.015788
66,e66-h1-h5-g0,h1,h5,2026-05-27 22:49:04.177181+00:00,95.3,27.314,0.031,0.04,-0.068,197,-0.058600000000000006,h1,h5,-0.068,-0.019046
66,e66-h1-h4-g2,h1,h4,2026-05-27 22:49:35.700967+00:00,95.3,28.155,0.043,0.042,-0.072,198,-0.05954999999999999,h1,h4,-0.072,-0.019971
67,e67-h1-h5-g0,h1,h5,2026-05-27 22:51:10.932017+00:00,95.3,25.684,0.018,0.02,-0.061,199,-0.06000000000000001,h1,h5,-0.061,-0.016790000000000003
67,e67-h2-h4-g1,h2,h4,2026-05-27 22:52:15.733489+00:00,95.4,26.464,0.026,0.04,-0.064,200,-0.05954999999999999,h2,h4,-0.064,-0.018175999999999994
67,e67-h1-h4-g2,h1,h4,2026-05-27 22:52:47.193383+00:00,95.3,28.127499999999998,0.036,0.038,-0.069,201,-0.06040000000000001,h1,h4,-0.069,-0.019809499999999994
68,e68-h1-h5-g0,h1,h5,2026-05-27 22:54:22.323991+00:00,95.3,27.652,0.027,0.028,-0.054,202,-0.06004999999999999,h1,h5,-0.054,-0.019015999999999998
68,e68-h1-h4-g2,h1,h4,2026-05-27 22:54:53.625366+00:00,95.3,28.6025,0.046,0.044,-0.076,203,-0.06015,h1,h4,-0.076,-0.020484499999999996
68,e68-h2-h4-g1,h2,h4,2026-05-27 22:55:59.235069+00:00,95.4,25.868499999999997,0.017,0.021,-0.059,204,-0.0606,h2,h4,-0.059,-0.016992499999999994
69,e69-h1-h5-g0,h1,h5,2026-05-27 22:57:34.168689+00:00,95.3,27.044,0.032,0.032,-0.068,205,-0.0608,h1,h5,-0.068,-0.018538000000000002
69,e69-h1-h4-g2,h1,h4,2026-05-27 22:58:37.976810+00:00,95.4,27.2765,0.022,0.034,-0.056,206,-0.060950000000000004,h1,h4,-0.056,-0.018800499999999994
69,e69-h2-h4-g1,h2,h4,2026-05-27 22:59:10.197494+00:00,95.4,25.344,0.014,0.017,-0.057,207,-0.0612,h2,h4,-0.057,-0.016342
70,e70-h1-h4-g2,h1,h4,2026-05-27 23:01:17.630584+00:00,95.4,39.6425,0.041,0.052,-0.111,208,-0.06415,h1,h4,-0.111,-0.031744499999999995
70,e70-h1-h5-g0,h1,h5,2026-05-27 23:01:50.310832+00:00,95.3,33.6025,0.111,0.091,-0.097,209,-0.06645,h1,h5,-0.097,-0.0270245
70,e70-h2-h4-g1,h2,h4,2026-05-27 23:02:22.213910+00:00,95.3,29.5935,0.052,0.05,-0.078,210,-0.0669,h2,h4,-0.078,-0.0216675
71,e71-h2-h4-g1,h2,h4,2026-05-27 23:03:24.068387+00:00,95.4,27.4985,0.024,0.033,-0.053,211,-0.0662,h2,h4,-0.053,-0.018996499999999996
71,e71-h1-h5-g0,h1,h5,2026-05-27 23:05:00.882711+00:00,95.3,28.121000000000002,0.038,0.046,-0.052,212,-0.06595,h1,h5,-0.052,-0.020047000000000002
71,e71-h1-h4-g2,h1,h4,2026-05-27 23:05:34.245897+00:00,95.3,27.09,0.028,0.034,-0.052,213,-0.06584999999999999,h1,h4,-0.052,-0.018636
72,e72-h1-h4-g2,h1,h4,2026-05-27 23:06:37.570791+00:00,95.4,36.754999999999995,0.024,0.037,-0.061,214,-0.06575,h1,h4,-0.061,-0.028372999999999995
72,e72-h1-h5-g0,h1,h5,2026-05-27 23:08:14.285459+00:00,95.3,28.682000000000002,0.032,0.039,-0.07,215,-0.06665,h1,h5,-0.07,-0.020386000000000005
72,e72-h2-h4-g1,h2,h4,2026-05-27 23:08:46.858415+00:00,95.4,26.1125,0.023,0.031,-0.051,216,-0.06645,h2,h4,-0.051,-0.017548499999999998
73,e73-h1-h5-g0,h1,h5,2026-05-27 23:10:22.560713+00:00,95.3,26.9715,0.03,0.037,-0.051,217,-0.06559999999999999,h1,h5,-0.051,-0.0186115
73,e73-h2-h4-g1,h2,h4,2026-05-27 23:11:27.237790+00:00,95.4,26.085,0.022,0.035,-0.062,218,-0.0651,h2,h4,-0.062,-0.017638999999999995
73,e73-h1-h4-g2,h1,h4,2026-05-27 23:11:58.861043+00:00,95.4,27.849,0.047,0.065,-0.052,219,-0.06465,h1,h4,-0.052,-0.020353
74,e74-h1-h4-g2,h1,h4,2026-05-27 23:13:32.078320+00:00,95.4,26.612000000000002,0.021,0.032,-0.053,220,-0.0641,h1,h4,-0.053,-0.018073999999999996
74,e74-h2-h4-g1,h2,h4,2026-05-27 23:14:04.883726+00:00,95.3,28.3575,0.029,0.031,-0.056,221,-0.06344999999999999,h2,h4,-0.056,-0.0198155
74,e74-h1-h5-g0,h1,h5,2026-05-27 23:15:10.554189+00:00,95.3,27.3075,0.031,0.035,-0.067,222,-0.0641,h1,h5,-0.067,-0.0188895
75,e75-h1-h4-g2,h1,h4,2026-05-27 23:17:19.251739+00:00,95.4,39.7895,0.028,0.043,-0.117,223,-0.06615,h1,h4,-0.117,-0.0315955
75,e75-h2-h4-g1,h2,h4,2026-05-27 23:17:50.612076+00:00,95.4,25.805,0.022,0.026,-0.062,224,-0.0663,h2,h4,-0.062,-0.017088999999999993
75,e75-h1-h5-g0,h1,h5,2026-05-27 23:18:23.725519+00:00,95.3,27.454,0.031,0.037,-0.067,225,-0.06625,h1,h5,-0.067,-0.019096
76,e76-h2-h4-g1,h2,h4,2026-05-27 23:20:32.428604+00:00,95.4,26.483,0.021,0.027,-0.051,226,-0.066,h2,h4,-0.051,-0.017795000000000002
76,e76-h1-h5-g0,h1,h5,2026-05-27 23:21:05.103325+00:00,95.3,26.928,0.02,0.024,-0.064,227,-0.06634999999999999,h1,h5,-0.064,-0.018157999999999997
76,e76-h1-h4-g2,h1,h4,2026-05-27 23:21:37.731537+00:00,95.3,28.359,0.031,0.033,-0.058,228,-0.0637,h1,h4,-0.058,-0.019881000000000003
77,e77-h2-h4-g1,h2,h4,2026-05-27 23:23:45.069352+00:00,95.4,25.365000000000002,0.018,0.024,-0.051,229,-0.061399999999999996,h2,h4,-0.051,-0.016581
77,e77-h1-h5-g0,h1,h5,2026-05-27 23:24:18.499892+00:00,95.3,30.197,0.049,0.043,-0.053,230,-0.06015,h1,h5,-0.053,-0.022054999999999998
77,e77-h1-h4-g2,h1,h4,2026-05-27 23:24:51.451346+00:00,95.3,26.965000000000003,0.03,0.038,-0.067,231,-0.06085,h1,h4,-0.067,-0.018635000000000002
78,e78-h2-h4-g1,h2,h4,2026-05-27 23:26:25.745894+00:00,95.4,26.5265,0.024,0.038,-0.049,232,-0.0607,h2,h4,-0.049,-0.018174499999999993
78,e78-h1-h4-g2,h1,h4,2026-05-27 23:27:29.479728+00:00,95.4,27.0925,0.026,0.035,-0.065,233,-0.06135,h1,h4,-0.065,-0.018654499999999997
78,e78-h1-h5-g0,h1,h5,2026-05-27 23:28:01.174877+00:00,95.3,29.282,0.048,0.047,-0.056,234,-0.0611,h1,h5,-0.056,-0.021258
79,e79-h2-h4-g1,h2,h4,2026-05-27 23:30:07.227449+00:00,95.4,27.0435,0.022,0.035,-0.061,235,-0.06065,h2,h4,-0.061,-0.018597499999999996
79,e79-h1-h5-g0,h1,h5,2026-05-27 23:30:40.074171+00:00,95.3,28.265,0.031,0.04,-0.074,236,-0.0618,h1,h5,-0.074,-0.019997
79,e79-h1-h4-g2,h1,h4,2026-05-27 23:31:11.491676+00:00,95.4,25.606,0.019,0.029,-0.06,237,-0.06225000000000001,h1,h4,-0.06,-0.016973999999999996
80,e80-h1-h4-g2,h1,h4,2026-05-27 23:33:18.654687+00:00,95.3,26.72,0.016,0.013,-0.061,238,-0.0622,h1,h4,-0.061,-0.017612
80,e80-h2-h4-g1,h2,h4,2026-05-27 23:33:51.508055+00:00,95.4,25.961,0.015,0.018,-0.057,239,-0.062450000000000006,h2,h4,-0.057,-0.016990999999999996
80,e80-h1-h5-g0,h1,h5,2026-05-27 23:34:24.865300+00:00,94.6,26.893500000000003,0.026,0.026,-0.053,240,-0.062450000000000006,h1,h5,-0.053,-0.018265500000000004
81,e81-h1-h4-g2,h1,h4,2026-05-27 23:35:59.213364+00:00,95.4,25.928,0.02,0.029,-0.052,241,-0.06225000000000001,h1,h4,-0.052,-0.017297999999999997
81,e81-h1-h5-g0,h1,h5,2026-05-27 23:37:05.463963+00:00,95.3,28.285000000000004,0.046,0.044,-0.051,242,-0.061450000000000005,h1,h5,-0.051,-0.020167
81,e81-h2-h4-g1,h2,h4,2026-05-27 23:37:38.243509+00:00,95.4,26.35,0.016,0.019,-0.055,243,-0.05835,h2,h4,-0.055,-0.017412
82,e82-h1-h4-g2,h1,h4,2026-05-27 23:38:41.815028+00:00,95.4,27.983,0.031,0.039,-0.072,244,-0.05885,h1,h4,-0.072,-0.019675
82,e82-h2-h4-g1,h2,h4,2026-05-27 23:39:46.861382+00:00,95.4,25.8995,0.016,0.018,-0.058,245,-0.05840000000000001,h2,h4,-0.058,-0.0169315
82,e82-h1-h5-g0,h1,h5,2026-05-27 23:40:50.727061+00:00,95.3,28.435,0.032,0.039,-0.058,246,-0.05874999999999999,h1,h5,-0.058,-0.020139
83,e83-h1-h5-g0,h1,h5,2026-05-27 23:42:56.034010+00:00,95.3,29.592499999999998,0.041,0.045,-0.054,247,-0.05825,h1,h5,-0.054,-0.021494499999999996
83,e83-h2-h4-g1,h2,h4,2026-05-27 23:43:29.137611+00:00,95.4,28.5715,0.031,0.042,-0.053,248,-0.05800000000000001,h2,h4,-0.053,-0.0203535
83,e83-h1-h4-g2,h1,h4,2026-05-27 23:44:01.844178+00:00,95.3,26.231,0.022,0.025,-0.053,249,-0.058100000000000006,h1,h4,-0.053,-0.017495
84,e84-h1-h5-g0,h1,h5,2026-05-27 23:45:38.087589+00:00,95.3,28.139499999999998,0.032,0.042,-0.072,250,-0.059050000000000005,h1,h5,-0.072,-0.0199335
84,e84-h1-h4-g2,h1,h4,2026-05-27 23:46:10.656368+00:00,95.3,36.760999999999996,0.237,0.14,-0.056,251,-0.058499999999999996,h1,h4,-0.056,-0.031904999999999996
84,e84-h2-h4-g1,h2,h4,2026-05-27 23:47:14.787036+00:00,95.4,26.743000000000002,0.03,0.047,-0.067,252,-0.05940000000000001,h2,h4,-0.067,-0.018673000000000006
85,e85-h1-h5-g0,h1,h5,2026-05-27 23:48:17.515558+00:00,95.3,25.68,0.017,0.017,-0.053,253,-0.0588,h1,h5,-0.053,-0.016694
85,e85-h2-h4-g1,h2,h4,2026-05-27 23:49:54.076930+00:00,95.4,27.3205,0.029,0.041,-0.053,254,-0.05865,h2,h4,-0.053,-0.019068499999999995
85,e85-h1-h4-g2,h1,h4,2026-05-27 23:50:26.805282+00:00,95.4,26.3345,0.018,0.024,-0.062,255,-0.058699999999999995,h1,h4,-0.062,-0.017550499999999997
86,e86-h1-h4-g2,h1,h4,2026-05-27 23:52:35.555656+00:00,95.4,25.985500000000002,0.018,0.02,-0.055,256,-0.05775,h1,h4,-0.055,-0.017081500000000003
86,e86-h1-h5-g0,h1,h5,2026-05-27 23:53:08.707304+00:00,95.3,27.009500000000003,0.026,0.027,-0.052,257,-0.05735,h1,h5,-0.052,-0.018341500000000004
86,e86-h2-h4-g1,h2,h4,2026-05-27 23:53:41.348216+00:00,95.4,25.2115,0.015,0.018,-0.057,258,-0.05715,h2,h4,-0.057,-0.016241499999999996
87,e87-h1-h5-g0,h1,h5,2026-05-27 23:54:44.030665+00:00,95.3,26.566000000000003,0.02,0.024,-0.062,259,-0.05739999999999999,h1,h5,-0.062,-0.017796
