episode,flow_id,src,dst,throughput_mbps,rtt_ms,jitter_ms,loss_pct,absolute_reward
1,e1-h1-h12-g0,h1,h12,24.9,60.7635,0.066,0.79,-0.11615027272727271
1,e1-h2-h11-g1,h2,h11,31.8,63.1165,0.066,1.0,-0.11881081818181818
1,e1-h3-h10-g2,h3,h10,35.6,65.8885,0.067,1.5,-0.14245172727272726
1,e1-h4-h9-g3,h4,h9,17.5,62.86150000000001,0.069,0.64,-0.12631881818181817
2,e2-h1-h12-g0,h1,h12,15.5,56.973,0.089,0.21,-0.09679818181818181
2,e2-h2-h11-g1,h2,h11,11.8,58.596000000000004,0.103,0.21,-0.10685545454545453
2,e2-h3-h10-g2,h3,h10,32.8,53.88249999999999,0.082,0.18,-0.05762063636363635
2,e2-h4-h9-g3,h4,h9,15.9,55.461,0.083,0.18,-0.09151090909090909
3,e3-h1-h12-g0,h1,h12,42.8,71.41,0.073,1.8,-0.15543981818181815
3,e3-h2-h11-g1,h2,h11,26.9,66.7045,0.113,0.14,-0.09217790909090907
3,e3-h3-h10-g2,h3,h10,26.6,61.8735,0.154,0.14,-0.08330736363636362
3,e3-h4-h9-g3,h4,h9,9.75,57.4055,0.076,0.14,-0.10453972727272727
4,e4-h1-h12-g0,h1,h12,18.6,59.0095,0.0,0.0,-0.08420081818181818
4,e4-h2-h11-g1,h2,h11,34.4,69.1275,0.081,1.4,-0.14619554545454544
4,e4-h3-h10-g2,h3,h10,27.9,60.437,0.067,1.1,-0.12554872727272726
4,e4-h4-h9-g3,h4,h9,23.4,57.528499999999994,0.117,0.24,-0.08521354545454543
5,e5-h1-h12-g0,h1,h12,22.9,61.7095,0.109,0.13,-0.08893663636363636
5,e5-h2-h11-g1,h2,h11,30.8,65.87549999999999,0.067,1.3,-0.14115299999999995
5,e5-h3-h10-g2,h3,h10,27.7,55.4225,0.098,0.087,-0.06541936363636364
5,e5-h4-h9-g3,h4,h9,40.5,73.04400000000001,0.068,1.9,-0.16785963636363638
6,e6-h1-h12-g0,h1,h12,15.8,63.276,0.074,0.55,-0.12576872727272728
6,e6-h2-h11-g1,h2,h11,17.7,55.589,0.087,0.13,-0.08601818181818181
6,e6-h3-h10-g2,h3,h10,44.3,79.075,0.068,1.8,-0.16801254545454544
6,e6-h4-h9-g3,h4,h9,15.8,57.573499999999996,0.068,0.55,-0.11432772727272726
7,e7-h1-h12-g0,h1,h12,10.8,60.08,0.095,0.091,-0.10564363636363634
7,e7-h2-h11-g1,h2,h11,16.7,56.1515,0.084,0.11,-0.08794336363636363
7,e7-h3-h10-g2,h3,h10,44.5,81.8175,0.067,1.9,-0.1781279090909091
7,e7-h4-h9-g3,h4,h9,39.5,70.1255,0.066,1.6,-0.14882881818181815
8,e8-h1-h12-g0,h1,h12,9.5,58.074,0.0,0.0,-0.09887527272727273
8,e8-h2-h11-g1,h2,h11,26.9,71.627,0.076,1.1,-0.1498009090909091
8,e8-h3-h10-g2,h3,h10,19.8,65.794,0.089,0.11,-0.10162199999999999
8,e8-h4-h9-g3,h4,h9,59.9,103.8065,0.116,2.6,-0.22939990909090907
9,e9-h1-h12-g0,h1,h12,18.1,61.357,0.067,0.61,-0.12070690909090907
9,e9-h2-h11-g1,h2,h11,50.9,84.95949999999999,0.067,2.2,-0.18777554545454544
9,e9-h3-h10-g2,h3,h10,9.13,59.309,0.088,0.14,-0.10954599999999999
9,e9-h4-h9-g3,h4,h9,21.4,60.581500000000005,0.154,0.13,-0.0896779090909091
10,e10-h1-h12-g0,h1,h12,34.2,65.8945,0.067,1.3,-0.1350091818181818
10,e10-h2-h11-g1,h2,h11,10.5,60.567499999999995,0.112,0.11,-0.10821609090909091
10,e10-h3-h10-g2,h3,h10,33.7,70.511,0.07,1.3,-0.1451692727272727
10,e10-h4-h9-g3,h4,h9,32.9,64.9875,0.067,1.4,-0.14055881818181815
11,e11-h1-h12-g0,h1,h12,32.5,67.1975,0.067,1.3,-0.1407060909090909
11,e11-h2-h11-g1,h2,h11,21.1,56.3725,0.088,0.1,-0.07990936363636364
11,e11-h3-h10-g2,h3,h10,14.3,59.1365,0.096,0.11,-0.09834899999999999
11,e11-h4-h9-g3,h4,h9,9.62,58.989000000000004,0.096,0.13,-0.10756309090909091
12,e12-h1-h12-g0,h1,h12,12.8,58.382999999999996,0.089,0.12,-0.10002727272727271
12,e12-h2-h11-g1,h2,h11,8.94,58.7825,0.088,0.15,-0.10933845454545453
12,e12-h3-h10-g2,h3,h10,17.2,59.846000000000004,0.068,0.65,-0.12132727272727271
12,e12-h4-h9-g3,h4,h9,14.1,60.5325,0.11,0.13,-0.10258863636363637
13,e13-h1-h12-g0,h1,h12,9.82,58.1815,0.092,0.11,-0.10456045454545454
13,e13-h2-h11-g1,h2,h11,50.0,57.513,0.083,0.088,-0.029014909090909063
13,e13-h3-h10-g2,h3,h10,23.6,59.3845,0.084,0.14,-0.0833639090909091
13,e13-h4-h9-g3,h4,h9,33.6,67.036,0.068,1.2,-0.1333890909090909
14,e14-h1-h12-g0,h1,h12,40.1,75.791,0.07,1.8,-0.16909290909090907
14,e14-h2-h11-g1,h2,h11,11.0,59.336,0.082,0.11,-0.10466400000000001
14,e14-h3-h10-g2,h3,h10,33.1,66.85149999999999,0.067,1.3,-0.13892318181818175
14,e14-h4-h9-g3,h4,h9,39.3,55.877,0.135,0.12,-0.04710945454545455
15,e15-h1-h12-g0,h1,h12,12.5,58.854,0.111,0.13,-0.10214672727272726
15,e15-h2-h11-g1,h2,h11,34.1,68.76650000000001,0.068,1.3,-0.14094100000000004
15,e15-h3-h10-g2,h3,h10,34.8,53.245000000000005,0.076,0.11,-0.04917327272727274
15,e15-h4-h9-g3,h4,h9,45.9,85.755,0.068,1.9,-0.18346345454545454
16,e16-h1-h12-g0,h1,h12,11.4,56.6095,0.079,0.16,-0.10096572727272726
16,e16-h2-h11-g1,h2,h11,25.9,61.879000000000005,0.0,0.0,-0.07666709090909091
16,e16-h3-h10-g2,h3,h10,52.5,87.2105,0.082,2.2,-0.1894584545454545
16,e16-h4-h9-g3,h4,h9,9.92,59.652,0.107,0.11,-0.10740963636363637
17,e17-h1-h12-g0,h1,h12,35.6,69.5265,0.0,0.0,-0.07432572727272725
17,e17-h2-h11-g1,h2,h11,19.6,62.009499999999996,0.069,0.72,-0.12479663636363633
17,e17-h3-h10-g2,h3,h10,41.0,74.15299999999999,0.067,1.8,-0.1641625454545454
17,e17-h4-h9-g3,h4,h9,51.3,53.361000000000004,0.115,0.086,-0.01843927272727271
18,e18-h1-h12-g0,h1,h12,9.69,57.64149999999999,0.082,0.17,-0.10665681818181816
18,e18-h2-h11-g1,h2,h11,9.29,61.842,0.115,0.16,-0.1154830909090909
18,e18-h3-h10-g2,h3,h10,34.7,64.6185,0.068,1.5,-0.14155409090909088
18,e18-h4-h9-g3,h4,h9,44.3,53.1265,0.081,0.11,-0.03169354545454544
19,e19-h1-h12-g0,h1,h12,40.3,79.755,0.071,1.5,-0.1616632727272727
19,e19-h2-h11-g1,h2,h11,11.1,58.3245,0.089,0.098,-0.10190118181818182
19,e19-h3-h10-g2,h3,h10,27.0,63.745000000000005,0.069,1.0,-0.1288130909090909
19,e19-h4-h9-g3,h4,h9,19.6,64.68299999999999,0.069,0.65,-0.12664363636363635
20,e20-h1-h12-g0,h1,h12,12.4,56.806,0.087,0.13,-0.09808854545454544
20,e20-h2-h11-g1,h2,h11,28.5,65.26400000000001,0.067,1.1,-0.1341118181818182
20,e20-h3-h10-g2,h3,h10,34.5,69.727,0.068,1.4,-0.14713472727272725
20,e20-h4-h9-g3,h4,h9,17.3,75.993,0.089,0.56,-0.14906545454545453
21,e21-h1-h12-g0,h1,h12,35.4,69.65700000000001,0.069,1.4,-0.14536436363636362
21,e21-h2-h11-g1,h2,h11,19.2,59.772,0.077,0.1,-0.0900969090909091
21,e21-h3-h10-g2,h3,h10,12.4,59.004,0.087,0.12,-0.10198454545454544
21,e21-h4-h9-g3,h4,h9,9.58,58.290000000000006,0.091,0.12,-0.10570781818181821
22,e22-h1-h12-g0,h1,h12,28.8,64.90299999999999,0.068,1.2,-0.1378503636363636
22,e22-h2-h11-g1,h2,h11,9.33,59.839,0.0,0.0,-0.10271436363636363
22,e22-h3-h10-g2,h3,h10,24.8,54.2625,0.081,0.12,-0.06992009090909092
22,e22-h4-h9-g3,h4,h9,10.2,64.014,0.126,0.094,-0.11493854545454543
23,e23-h1-h12-g0,h1,h12,32.8,75.12049999999999,0.081,1.2,-0.15109063636363634
23,e23-h2-h11-g1,h2,h11,34.0,55.223,0.103,0.12,-0.055245818181818174
23,e23-h3-h10-g2,h3,h10,9.72,59.5855,0.106,0.12,-0.10813427272727272
23,e23-h4-h9-g3,h4,h9,49.9,86.6455,0.069,2.0,-0.18297772727272726
24,e24-h1-h12-g0,h1,h12,39.4,75.7505,0.0,0.0,-0.07986463636363636
24,e24-h2-h11-g1,h2,h11,39.3,79.47,0.07,1.6,-0.16790545454545452
24,e24-h3-h10-g2,h3,h10,20.6,57.3185,0.1,0.11,-0.08328245454545453
24,e24-h4-h9-g3,h4,h9,38.8,72.361,0.067,1.6,-0.15457854545454547
25,e25-h1-h12-g0,h1,h12,27.5,67.158,0.069,1.0,-0.13473
25,e25-h2-h11-g1,h2,h11,46.3,54.3065,0.087,0.082,-0.029053181818181825
25,e25-h3-h10-g2,h3,h10,54.2,87.9365,0.072,2.3,-0.19275954545454543
25,e25-h4-h9-g3,h4,h9,10.6,57.593999999999994,0.0,0.0,-0.09591527272727271
26,e26-h1-h12-g0,h1,h12,24.6,64.4515,0.067,0.84,-0.12657772727272726
26,e26-h2-h11-g1,h2,h11,15.4,57.2345,0.075,0.1,-0.091919
26,e26-h3-h10-g2,h3,h10,26.4,63.8605,0.067,1.0,-0.130123
26,e26-h4-h9-g3,h4,h9,12.8,61.404,0.106,0.14,-0.10717127272727273
27,e27-h1-h12-g0,h1,h12,15.6,58.8255,0.11,0.16,-0.09794736363636361
27,e27-h2-h11-g1,h2,h11,11.3,59.801,0.095,0.14,-0.10662654545454545
27,e27-h3-h10-g2,h3,h10,16.4,58.0135,0.066,0.52,-0.11260481818181818
27,e27-h4-h9-g3,h4,h9,30.2,56.194,0.08,0.098,-0.06285890909090909
28,e28-h1-h12-g0,h1,h12,9.81,63.1265,0.132,1.2,-0.16920863636363637
28,e28-h2-h11-g1,h2,h11,12.3,60.2,0.077,0.92,-0.14449836363636365
28,e28-h3-h10-g2,h3,h10,45.2,82.79650000000001,0.068,2.9,-0.22881918181818178
28,e28-h4-h9-g3,h4,h9,12.6,58.638,0.082,0.66,-0.12785890909090908
29,e29-h1-h12-g0,h1,h12,33.5,84.0315,0.147,1.3,-0.17303590909090907
29,e29-h2-h11-g1,h2,h11,25.3,92.9005,0.535,0.13,-0.149511
29,e29-h3-h10-g2,h3,h10,17.9,87.62700000000001,0.318,0.1,-0.14961654545454545
29,e29-h4-h9-g3,h4,h9,18.3,78.5865,0.32,0.11,-0.1313202727272727
30,e30-h1-h12-g0,h1,h12,10.3,79.3425,0.455,0.13,-0.14918772727272728
30,e30-h2-h11-g1,h2,h11,32.9,104.5415,0.145,1.3,-0.21513481818181818
30,e30-h3-h10-g2,h3,h10,10.0,87.217,0.687,0.13,-0.1668741818181818
30,e30-h4-h9-g3,h4,h9,9.44,113.29650000000001,0.338,0.13,-0.21795736363636364
31,e31-h1-h12-g0,h1,h12,47.4,73.3605,0.562,0.13,-0.0704111818181818
31,e31-h2-h11-g1,h2,h11,31.6,70.14,0.0,0.0,-0.08282545454545454
31,e31-h3-h10-g2,h3,h10,18.8,82.411,0.186,0.67,-0.16525618181818183
31,e31-h4-h9-g3,h4,h9,34.2,82.405,0.135,1.4,-0.1734381818181818
32,e32-h1-h12-g0,h1,h12,34.4,88.3355,0.178,1.5,-0.19019354545454542
32,e32-h2-h11-g1,h2,h11,17.6,71.905,0.292,0.13,-0.120062
32,e32-h3-h10-g2,h3,h10,39.7,74.979,0.5,0.12,-0.0867761818181818
32,e32-h4-h9-g3,h4,h9,28.6,67.741,0.257,0.084,-0.08922399999999998
33,e33-h1-h12-g0,h1,h12,45.3,95.4285,0.176,1.7,-0.19454936363636363
33,e33-h2-h11-g1,h2,h11,9.74,80.158,0.561,0.14,-0.15297290909090908
33,e33-h3-h10-g2,h3,h10,47.2,101.57650000000001,0.0,0.0,-0.11733481818181819
33,e33-h4-h9-g3,h4,h9,31.6,81.4145,0.561,0.12,-0.11474045454545455
34,e34-h1-h12-g0,h1,h12,40.4,97.346,0.137,1.7,-0.20705945454545455
34,e34-h2-h11-g1,h2,h11,9.49,77.253,0.0,0.0,-0.13725145454545454
34,e34-h3-h10-g2,h3,h10,17.7,87.7265,0.139,0.62,-0.17510518181818183
34,e34-h4-h9-g3,h4,h9,26.9,78.5995,0.129,1.1,-0.1640639090909091
35,e35-h1-h12-g0,h1,h12,28.2,84.6735,0.279,0.096,-0.12454827272727272
35,e35-h2-h11-g1,h2,h11,22.6,72.2235,0.422,0.13,-0.11238809090909091
35,e35-h3-h10-g2,h3,h10,18.3,116.017,0.092,0.59,-0.22881327272727267
35,e35-h4-h9-g3,h4,h9,24.4,86.744,0.118,0.86,-0.17283236363636365
36,e36-h1-h12-g0,h1,h12,60.9,117.13499999999999,0.392,0.084,-0.13009472727272725
36,e36-h2-h11-g1,h2,h11,29.3,76.483,0.108,1.1,-0.15534127272727274
36,e36-h3-h10-g2,h3,h10,14.1,117.83200000000001,1.481,0.13,-0.22541363636363637
36,e36-h4-h9-g3,h4,h9,33.4,92.525,0.149,1.3,-0.19021672727272726
37,e37-h1-h12-g0,h1,h12,35.9,88.74000000000001,0.142,1.3,-0.17805927272727273
37,e37-h2-h11-g1,h2,h11,27.7,82.9385,0.0,0.0,-0.11551336363636364
37,e37-h3-h10-g2,h3,h10,58.7,113.497,0.212,2.4,-0.24153872727272724
37,e37-h4-h9-g3,h4,h9,43.0,100.9305,0.0,0.0,-0.1236791818181818
38,e38-h1-h12-g0,h1,h12,28.8,64.9065,0.17,0.077,-0.08231936363636362
38,e38-h2-h11-g1,h2,h11,9.16,84.5455,0.37,0.13,-0.16115645454545455
38,e38-h3-h10-g2,h3,h10,18.1,75.40350000000001,0.106,0.65,-0.1510339090909091
38,e38-h4-h9-g3,h4,h9,32.2,63.352500000000006,0.167,0.081,-0.07321154545454547
39,e39-h1-h12-g0,h1,h12,31.7,85.83,0.32,0.087,-0.12029363636363638
39,e39-h2-h11-g1,h2,h11,26.4,82.17,0.157,0.99,-0.166782
39,e39-h3-h10-g2,h3,h10,9.39,96.096,0.458,0.14,-0.18486727272727274
39,e39-h4-h9-g3,h4,h9,31.1,86.481,0.105,1.2,-0.1770465454545454
40,e40-h1-h12-g0,h1,h12,47.7,98.194,0.176,2.0,-0.21071672727272725
40,e40-h2-h11-g1,h2,h11,57.2,113.285,0.175,2.4,-0.24361999999999995
40,e40-h3-h10-g2,h3,h10,27.6,82.226,0.138,1.2,-0.1750981818181818
40,e40-h4-h9-g3,h4,h9,27.6,78.2695,0.119,1.0,-0.15707118181818178
41,e41-h1-h12-g0,h1,h12,19.1,78.646,0.0,0.0,-0.12256472727272728
41,e41-h2-h11-g1,h2,h11,18.3,67.945,0.247,0.13,-0.11059927272727271
41,e41-h3-h10-g2,h3,h10,10.6,70.701,0.0,0.0,-0.12212927272727273
41,e41-h4-h9-g3,h4,h9,30.9,101.115,0.365,0.13,-0.1547381818181818
42,e42-h1-h12-g0,h1,h12,9.91,76.79400000000001,0.304,0.14,-0.1443938181818182
42,e42-h2-h11-g1,h2,h11,54.1,132.7985,0.0,0.0,-0.1672333636363636
42,e42-h3-h10-g2,h3,h10,15.8,110.389,0.101,0.53,-0.21915672727272723
42,e42-h4-h9-g3,h4,h9,25.7,85.06049999999999,0.121,0.99,-0.1736197272727273
43,e43-h1-h12-g0,h1,h12,18.8,61.868,0.069,0.6,-0.11996818181818181
43,e43-h2-h11-g1,h2,h11,58.8,98.397,0.077,2.4,-0.21034690909090908
43,e43-h3-h10-g2,h3,h10,10.6,57.683499999999995,0.092,0.12,-0.10264627272727272
43,e43-h4-h9-g3,h4,h9,16.7,58.5565,0.066,0.56,-0.11514536363636362
44,e44-h1-h12-g0,h1,h12,9.11,60.1215,0.112,0.13,-0.11085136363636364
44,e44-h2-h11-g1,h2,h11,44.9,79.388,0.067,1.7,-0.16254163636363636
44,e44-h3-h10-g2,h3,h10,18.0,74.0125,0.067,0.55,-0.14319972727272726
44,e44-h4-h9-g3,h4,h9,55.3,108.51500000000001,0.087,2.3,-0.23200654545454547
45,e45-h1-h12-g0,h1,h12,9.46,59.528000000000006,0.091,0.12,-0.10840200000000001
45,e45-h2-h11-g1,h2,h11,34.2,72.042,0.067,1.4,-0.15230418181818178
45,e45-h3-h10-g2,h3,h10,51.8,89.5065,0.072,2.2,-0.1952631818181818
45,e45-h4-h9-g3,h4,h9,41.2,55.675,0.139,0.13,-0.04377490909090908
46,e46-h1-h12-g0,h1,h12,25.2,60.495000000000005,0.108,0.11,-0.0813198181818182
46,e46-h2-h11-g1,h2,h11,21.8,55.0385,0.092,0.1,-0.07599263636363636
46,e46-h3-h10-g2,h3,h10,20.5,62.251000000000005,0.066,0.77,-0.12612527272727272
46,e46-h4-h9-g3,h4,h9,9.09,58.629999999999995,0.092,0.093,-0.10593472727272726
47,e47-h1-h12-g0,h1,h12,23.0,56.686,0.111,0.13,-0.0787198181818182
47,e47-h2-h11-g1,h2,h11,35.1,69.996,0.067,1.6,-0.15657581818181815
47,e47-h3-h10-g2,h3,h10,51.9,91.0745,0.069,2.3,-0.20319936363636362
47,e47-h4-h9-g3,h4,h9,18.4,57.589,0.115,0.14,-0.08941345454545455
48,e48-h1-h12-g0,h1,h12,12.0,58.9095,0.11,0.13,-0.10316081818181819
48,e48-h2-h11-g1,h2,h11,26.4,63.3015,0.067,1.0,-0.12900499999999998
48,e48-h3-h10-g2,h3,h10,15.9,62.964,0.081,0.2,-0.10750490909090907
48,e48-h4-h9-g3,h4,h9,12.1,60.729,0.111,0.13,-0.106624
49,e49-h1-h12-g0,h1,h12,10.8,60.122,0.076,0.14,-0.10806363636363638
49,e49-h2-h11-g1,h2,h11,26.3,68.034,0.073,1.1,-0.14368781818181817
49,e49-h3-h10-g2,h3,h10,33.9,68.616,0.067,1.3,-0.14099763636363638
49,e49-h4-h9-g3,h4,h9,23.3,56.3715,0.082,0.14,-0.07787136363636363
50,e50-h1-h12-g0,h1,h12,18.4,56.725,0.098,0.22,-0.09158345454545454
50,e50-h2-h11-g1,h2,h11,58.4,54.098,0.078,0.11,-0.007982181818181817
50,e50-h3-h10-g2,h3,h10,18.0,57.3425,0.11,0.17,-0.09111772727272727
50,e50-h4-h9-g3,h4,h9,33.0,65.8075,0.068,1.3,-0.137023
51,e51-h1-h12-g0,h1,h12,14.3,58.454499999999996,0.1,0.13,-0.098009
51,e51-h2-h11-g1,h2,h11,25.0,59.331,0.137,0.1,-0.07902945454545453
51,e51-h3-h10-g2,h3,h10,16.1,76.541,0.068,0.55,-0.15171727272727273
51,e51-h4-h9-g3,h4,h9,15.3,56.196,0.073,0.095,-0.08976181818181816
52,e52-h1-h12-g0,h1,h12,12.3,61.346000000000004,0.152,0.11,-0.10674036363636363
52,e52-h2-h11-g1,h2,h11,26.9,65.887,0.067,0.88,-0.1272669090909091
52,e52-h3-h10-g2,h3,h10,47.1,77.57499999999999,0.067,2.0,-0.1699156363636363
52,e52-h4-h9-g3,h4,h9,23.3,55.702,0.083,0.079,-0.07348836363636362
53,e53-h1-h12-g0,h1,h12,19.0,61.8545,0.067,0.72,-0.12556554545454546
53,e53-h2-h11-g1,h2,h11,50.5,103.1635,0.231,2.2,-0.22589481818181817
53,e53-h3-h10-g2,h3,h10,19.9,77.50450000000001,0.071,0.65,-0.15175318181818181
53,e53-h4-h9-g3,h4,h9,61.0,112.7835,0.068,2.5,-0.2400659090909091
54,e54-h1-h12-g0,h1,h12,11.8,59.7325,0.099,0.12,-0.10460445454545453
54,e54-h2-h11-g1,h2,h11,13.6,58.662000000000006,0.102,0.12,-0.0992087272727273
54,e54-h3-h10-g2,h3,h10,33.8,67.613,0.067,1.4,-0.14417345454545452
54,e54-h4-h9-g3,h4,h9,32.2,64.6375,0.067,1.1,-0.12613154545454547
55,e55-h1-h12-g0,h1,h12,19.5,61.1715,0.068,0.7,-0.12229645454545454
55,e55-h2-h11-g1,h2,h11,26.7,64.11099999999999,0.068,1.0,-0.13008454545454542
55,e55-h3-h10-g2,h3,h10,10.4,60.707499999999996,0.119,0.13,-0.10971990909090908
55,e55-h4-h9-g3,h4,h9,39.8,74.2165,0.073,1.6,-0.15650736363636364
56,e56-h1-h12-g0,h1,h12,48.3,55.1455,0.132,0.12,-0.02926481818181819
56,e56-h2-h11-g1,h2,h11,28.3,63.548,0.0,0.0,-0.07564145454545454
56,e56-h3-h10-g2,h3,h10,39.5,71.41499999999999,0.0,0.0,-0.07101181818181816
56,e56-h4-h9-g3,h4,h9,17.3,57.943,0.067,0.55,-0.11233345454545453
57,e57-h1-h12-g0,h1,h12,41.7,52.188500000000005,0.084,0.2,-0.039062818181818185
57,e57-h2-h11-g1,h2,h11,9.24,58.629999999999995,0.087,0.2,-0.11098199999999998
57,e57-h3-h10-g2,h3,h10,41.3,73.91999999999999,0.073,1.9,-0.16818709090909084
57,e57-h4-h9-g3,h4,h9,17.3,61.824,0.095,0.19,-0.10226345454545452
58,e58-h1-h12-g0,h1,h12,44.7,81.0595,0.07,1.9,-0.1762662727272727
58,e58-h2-h11-g1,h2,h11,40.7,73.17599999999999,0.068,1.7,-0.15775999999999998
58,e58-h3-h10-g2,h3,h10,13.3,59.53,0.116,0.13,-0.10207418181818181
58,e58-h4-h9-g3,h4,h9,17.9,58.688500000000005,0.066,0.59,-0.11472754545454546
59,e59-h1-h12-g0,h1,h12,9.56,61.915,0.102,0.12,-0.11306018181818181
59,e59-h2-h11-g1,h2,h11,9.25,59.8105,0.093,0.12,-0.10936081818181817
59,e59-h3-h10-g2,h3,h10,33.0,73.625,0.068,1.4,-0.157658
59,e59-h4-h9-g3,h4,h9,19.1,75.899,0.071,0.61,-0.14799672727272725
60,e60-h1-h12-g0,h1,h12,54.0,93.36449999999999,0.067,2.2,-0.19894918181818178
60,e60-h2-h11-g1,h2,h11,21.9,57.556,0.108,0.12,-0.08194181818181817
60,e60-h3-h10-g2,h3,h10,9.29,60.9735,0.133,0.11,-0.1113540909090909
60,e60-h4-h9-g3,h4,h9,24.8,62.310500000000005,0.067,0.98,-0.1289320909090909
61,e61-h1-h12-g0,h1,h12,39.1,62.6085,0.194,0.12,-0.0612900909090909
61,e61-h2-h11-g1,h2,h11,9.08,60.010999999999996,0.085,0.11,-0.10952290909090907
61,e61-h3-h10-g2,h3,h10,29.9,56.784,0.1,0.13,-0.06630436363636365
61,e61-h4-h9-g3,h4,h9,12.8,56.718,0.086,0.11,-0.09617927272727272
62,e62-h1-h12-g0,h1,h12,39.9,79.188,0.077,1.7,-0.17129254545454548
62,e62-h2-h11-g1,h2,h11,12.5,56.361,0.087,0.12,-0.09651672727272725
62,e62-h3-h10-g2,h3,h10,38.9,76.8955,0.074,1.6,-0.16350772727272728
62,e62-h4-h9-g3,h4,h9,51.3,85.775,0.069,2.2,-0.1886912727272727
63,e63-h1-h12-g0,h1,h12,17.0,55.9025,0.092,0.15,-0.08894790909090908
63,e63-h2-h11-g1,h2,h11,41.6,72.322,0.069,1.6,-0.14942163636363637
63,e63-h3-h10-g2,h3,h10,29.0,62.2305,0.067,1.1,-0.12713572727272726
63,e63-h4-h9-g3,h4,h9,17.5,68.574,0.071,0.52,-0.13175581818181817
64,e64-h1-h12-g0,h1,h12,16.3,63.45,0.07,0.5,-0.12268363636363637
64,e64-h2-h11-g1,h2,h11,17.2,67.01249999999999,0.069,0.61,-0.1336662727272727
64,e64-h3-h10-g2,h3,h10,19.7,70.1475,0.074,0.61,-0.13542081818181817
64,e64-h4-h9-g3,h4,h9,17.9,62.3035,0.069,0.59,-0.12197554545454545
65,e65-h1-h12-g0,h1,h12,41.3,76.257,0.068,1.8,-0.16783109090909093
65,e65-h2-h11-g1,h2,h11,19.4,62.946,0.069,0.6,-0.12103327272727274
65,e65-h3-h10-g2,h3,h10,14.7,56.328500000000005,0.084,0.092,-0.0910337272727273
65,e65-h4-h9-g3,h4,h9,23.5,55.486000000000004,0.091,0.11,-0.0742907272727273
66,e66-h1-h12-g0,h1,h12,38.3,54.9975,0.0,0.0,-0.040358636363636374
66,e66-h2-h11-g1,h2,h11,31.6,65.7555,0.0,0.0,-0.07405645454545454
66,e66-h3-h10-g2,h3,h10,9.88,60.3605,0.081,0.1,-0.10824336363636362
66,e66-h4-h9-g3,h4,h9,29.3,68.025,0.078,1.1,-0.13824527272727272
67,e67-h1-h12-g0,h1,h12,47.0,78.45599999999999,0.067,2.0,-0.1718594545454545
67,e67-h2-h11-g1,h2,h11,36.3,72.18549999999999,0.069,1.3,-0.14378499999999997
67,e67-h3-h10-g2,h3,h10,26.5,72.595,0.069,1.1,-0.1524221818181818
67,e67-h4-h9-g3,h4,h9,26.5,61.326499999999996,0.066,0.95,-0.12236718181818179
68,e68-h1-h12-g0,h1,h12,24.5,65.3955,0.069,0.76,-0.12465954545454544
68,e68-h2-h11-g1,h2,h11,21.4,54.9195,0.081,0.12,-0.0774159090909091
68,e68-h3-h10-g2,h3,h10,52.9,90.4305,0.076,1.9,-0.1801351818181818
68,e68-h4-h9-g3,h4,h9,16.6,60.947,0.066,0.42,-0.1131081818181818
69,e69-h1-h12-g0,h1,h12,19.8,65.9875,0.071,0.75,-0.13390099999999996
69,e69-h2-h11-g1,h2,h11,47.9,80.2295,0.068,2.0,-0.1737760909090909
69,e69-h3-h10-g2,h3,h10,43.9,53.513,0.096,0.092,-0.032383818181818166
69,e69-h4-h9-g3,h4,h9,44.7,52.8675,0.072,0.076,-0.02869427272727272
70,e70-h1-h12-g0,h1,h12,19.6,61.649499999999996,0.067,0.62,-0.11906463636363633
70,e70-h2-h11-g1,h2,h11,13.2,60.897000000000006,0.139,0.12,-0.10462800000000003
70,e70-h3-h10-g2,h3,h10,26.4,55.0665,0.078,0.1,-0.067601
70,e70-h4-h9-g3,h4,h9,17.6,62.448499999999996,0.156,0.092,-0.09843299999999999
71,e71-h1-h12-g0,h1,h12,44.1,83.7935,0.068,1.8,-0.1778131818181818
71,e71-h2-h11-g1,h2,h11,11.8,59.099000000000004,0.094,0.12,-0.10330745454545454
71,e71-h3-h10-g2,h3,h10,19.0,60.8905,0.066,0.6,-0.11763154545454545
71,e71-h4-h9-g3,h4,h9,28.9,60.976,0.102,0.11,-0.07551854545454548
72,e72-h1-h12-g0,h1,h12,48.9,54.6595,0.099,0.084,-0.025203909090909103
72,e72-h2-h11-g1,h2,h11,10.5,56.2785,0.075,0.099,-0.09886609090909092
72,e72-h3-h10-g2,h3,h10,30.9,68.405,0.068,1.1,-0.1360361818181818
72,e72-h4-h9-g3,h4,h9,33.9,53.6225,0.083,0.12,-0.05210663636363637
73,e73-h1-h12-g0,h1,h12,12.0,56.937,0.08,0.092,-0.09713581818181816
73,e73-h2-h11-g1,h2,h11,30.1,55.8155,0.093,0.13,-0.06396172727272727
73,e73-h3-h10-g2,h3,h10,18.6,59.2175,0.066,0.6,-0.11501281818181815
73,e73-h4-h9-g3,h4,h9,18.0,70.78049999999999,0.068,0.58,-0.13824172727272727
74,e74-h1-h12-g0,h1,h12,17.3,54.953,0.077,0.099,-0.08386345454545455
74,e74-h2-h11-g1,h2,h11,13.1,57.8815,0.0,0.0,-0.09194481818181818
74,e74-h3-h10-g2,h3,h10,15.6,63.011,0.067,0.48,-0.12206036363636363
74,e74-h4-h9-g3,h4,h9,58.3,56.6515,0.079,0.13,-0.014276999999999975
75,e75-h1-h12-g0,h1,h12,26.9,64.2025,0.067,0.95,-0.1273979090909091
75,e75-h2-h11-g1,h2,h11,19.8,62.492,0.067,0.68,-0.123386
75,e75-h3-h10-g2,h3,h10,41.4,74.77799999999999,0.0,0.0,-0.07428327272727273
75,e75-h4-h9-g3,h4,h9,16.5,60.811,0.067,0.46,-0.11502400000000002
76,e76-h1-h12-g0,h1,h12,33.2,66.9925,0.0,0.0,-0.07362136363636365
76,e76-h2-h11-g1,h2,h11,27.5,74.73400000000001,0.075,1.1,-0.15491800000000003
76,e76-h3-h10-g2,h3,h10,53.0,52.079,0.093,0.088,-0.012752363636363626
76,e76-h4-h9-g3,h4,h9,16.5,58.6075,0.065,0.49,-0.11210499999999998
77,e77-h1-h12-g0,h1,h12,42.3,55.406,0.119,0.1,-0.03961690909090908
77,e77-h2-h11-g1,h2,h11,23.3,55.114,0.0,0.0,-0.06786436363636361
77,e77-h3-h10-g2,h3,h10,16.7,57.0625,0.087,0.095,-0.08903336363636363
77,e77-h4-h9-g3,h4,h9,53.4,88.4965,0.0,0.0,-0.07990209090909092
78,e78-h1-h12-g0,h1,h12,28.1,54.0185,0.076,0.11,-0.06290209090909092
78,e78-h2-h11-g1,h2,h11,54.1,90.38499999999999,0.0,0.0,-0.08240636363636358
78,e78-h3-h10-g2,h3,h10,26.3,56.652,0.099,0.084,-0.07027981818181817
78,e78-h4-h9-g3,h4,h9,19.3,57.6635,0.105,0.11,-0.0863660909090909
79,e79-h1-h12-g0,h1,h12,38.4,54.4795,0.095,0.068,-0.04311081818181818
79,e79-h2-h11-g1,h2,h11,32.3,63.8895,0.066,1.2,-0.12944772727272724
79,e79-h3-h10-g2,h3,h10,32.5,63.416,0.066,1.2,-0.1281370909090909
79,e79-h4-h9-g3,h4,h9,33.4,66.699,0.0,0.0,-0.07267072727272725
80,e80-h1-h12-g0,h1,h12,31.0,52.8935,0.073,0.088,-0.05426136363636364
80,e80-h2-h11-g1,h2,h11,39.5,73.34649999999999,0.066,1.6,-0.15527081818181815
80,e80-h3-h10-g2,h3,h10,15.8,57.1555,0.091,0.093,-0.09077972727272728
80,e80-h4-h9-g3,h4,h9,18.8,59.156,0.093,0.093,-0.0893381818181818
81,e81-h1-h12-g0,h1,h12,24.8,55.058,0.081,0.093,-0.07016109090909092
81,e81-h2-h11-g1,h2,h11,13.1,58.152,0.089,0.12,-0.0990198181818182
81,e81-h3-h10-g2,h3,h10,39.0,70.2555,0.067,1.6,-0.1500039090909091
81,e81-h4-h9-g3,h4,h9,35.1,70.55199999999999,0.066,1.4,-0.14768181818181814
82,e82-h1-h12-g0,h1,h12,35.0,68.487,0.067,1.4,-0.14373963636363635
82,e82-h2-h11-g1,h2,h11,17.2,59.799,0.065,0.59,-0.11821527272727272
82,e82-h3-h10-g2,h3,h10,10.2,57.829499999999996,0.081,0.11,-0.10309954545454544
82,e82-h4-h9-g3,h4,h9,19.6,64.0365,0.068,0.58,-0.12184463636363635
83,e83-h1-h12-g0,h1,h12,47.4,77.5055,0.066,1.7,-0.1542251818181818
83,e83-h2-h11-g1,h2,h11,31.5,58.588499999999996,0.156,0.12,-0.0668402727272727
83,e83-h3-h10-g2,h3,h10,33.0,53.4065,0.0,0.0,-0.046812999999999994
83,e83-h4-h9-g3,h4,h9,27.4,66.32,0.066,1.1,-0.13821781818181816
84,e84-h1-h12-g0,h1,h12,52.8,88.858,0.069,2.1,-0.18713000000000002
84,e84-h2-h11-g1,h2,h11,39.1,74.0335,0.067,1.7,-0.1623780909090909
84,e84-h3-h10-g2,h3,h10,16.9,64.564,0.067,0.56,-0.12680272727272726
84,e84-h4-h9-g3,h4,h9,18.6,61.0245,0.066,0.6,-0.11862681818181818
85,e85-h1-h12-g0,h1,h12,10.6,60.308499999999995,0.088,0.11,-0.1073722727272727
85,e85-h2-h11-g1,h2,h11,11.5,62.6065,0.109,0.1,-0.10995790909090909
85,e85-h3-h10-g2,h3,h10,14.9,56.814499999999995,0.076,0.1,-0.09199409090909089
85,e85-h4-h9-g3,h4,h9,24.8,60.896,0.066,0.84,-0.1190970909090909
86,e86-h1-h12-g0,h1,h12,29.1,67.0605,0.067,1.0,-0.1316139090909091
86,e86-h2-h11-g1,h2,h11,43.6,85.82900000000001,0.116,1.7,-0.17808127272727273
86,e86-h3-h10-g2,h3,h10,47.3,53.6155,0.101,0.086,-0.026136999999999983
86,e86-h4-h9-g3,h4,h9,20.2,61.6245,0.066,0.71,-0.12241772727272723
87,e87-h1-h12-g0,h1,h12,49.0,81.34100000000001,0.071,2.1,-0.1790170909090909
87,e87-h2-h11-g1,h2,h11,24.7,60.2135,0.067,0.84,-0.11791990909090909
87,e87-h3-h10-g2,h3,h10,23.6,56.4065,0.085,0.096,-0.07521390909090907
87,e87-h4-h9-g3,h4,h9,16.8,65.366,0.067,0.58,-0.12958854545454546
88,e88-h1-h12-g0,h1,h12,57.3,108.112,0.074,2.4,-0.23248618181818181
88,e88-h2-h11-g1,h2,h11,24.0,55.5445,0.098,0.082,-0.07214063636363637
88,e88-h3-h10-g2,h3,h10,40.4,54.78,0.084,0.097,-0.04145945454545455
88,e88-h4-h9-g3,h4,h9,9.38,58.43,0.1,0.12,-0.10640545454545454
89,e89-h1-h12-g0,h1,h12,13.4,62.436,0.091,0.14,-0.10805436363636364
89,e89-h2-h11-g1,h2,h11,9.52,59.399,0.1,0.11,-0.1075889090909091
89,e89-h3-h10-g2,h3,h10,38.4,69.68700000000001,0.067,1.5,-0.1449578181818182
89,e89-h4-h9-g3,h4,h9,17.2,69.9485,0.068,0.55,-0.13653227272727272
90,e90-h1-h12-g0,h1,h12,17.4,61.247,0.067,0.56,-0.11925963636363636
90,e90-h2-h11-g1,h2,h11,32.7,65.1265,0.066,1.2,-0.1311944545454545
90,e90-h3-h10-g2,h3,h10,45.5,54.298500000000004,0.098,0.11,-0.03195772727272728
90,e90-h4-h9-g3,h4,h9,25.9,63.079,0.0,0.0,-0.07906709090909089
91,e91-h1-h12-g0,h1,h12,46.9,82.80449999999999,0.071,2.0,-0.1807622727272727
91,e91-h2-h11-g1,h2,h11,48.6,79.85400000000001,0.07,2.1,-0.17676436363636366
91,e91-h3-h10-g2,h3,h10,32.3,67.429,0.068,1.3,-0.14153872727272732
91,e91-h4-h9-g3,h4,h9,19.2,60.2905,0.0,0.0,-0.08567190909090908
92,e92-h1-h12-g0,h1,h12,13.2,57.209,0.092,0.11,-0.09647
92,e92-h2-h11-g1,h2,h11,31.7,69.376,0.081,1.3,-0.14660163636363638
92,e92-h3-h10-g2,h3,h10,40.8,78.2165,0.068,1.6,-0.16265918181818179
92,e92-h4-h9-g3,h4,h9,9.74,60.3865,0.118,0.12,-0.10977190909090909
93,e93-h1-h12-g0,h1,h12,25.8,54.146,0.075,0.13,-0.06833290909090907
93,e93-h2-h11-g1,h2,h11,9.64,58.376999999999995,0.079,0.095,-0.10445072727272725
93,e93-h3-h10-g2,h3,h10,11.3,58.036500000000004,0.084,0.1,-0.10103154545454547
93,e93-h4-h9-g3,h4,h9,27.3,67.9905,0.0,0.0,-0.08634463636363635
94,e94-h1-h12-g0,h1,h12,52.5,61.42999999999999,0.068,0.62,-0.05881345454545452
94,e94-h2-h11-g1,h2,h11,36.1,67.0755,0.067,1.2,-0.12891663636363634
94,e94-h3-h10-g2,h3,h10,43.5,81.2315,0.073,1.9,-0.17881009090909084
94,e94-h4-h9-g3,h4,h9,10.4,63.9525,0.101,0.13,-0.11610190909090909
95,e95-h1-h12-g0,h1,h12,12.3,62.9465,0.091,0.11,-0.10957536363636362
95,e95-h2-h11-g1,h2,h11,18.7,72.758,0.07,0.66,-0.14493599999999998
95,e95-h3-h10-g2,h3,h10,15.8,55.829,0.0,0.0,-0.08293072727272727
95,e95-h4-h9-g3,h4,h9,16.6,62.7615,0.07,0.59,-0.1252611818181818
96,e96-h1-h12-g0,h1,h12,19.6,57.076,0.085,0.13,-0.08552563636363635
96,e96-h2-h11-g1,h2,h11,25.5,72.4055,0.075,0.98,-0.14789736363636363
96,e96-h3-h10-g2,h3,h10,23.0,58.766999999999996,0.095,0.098,-0.08118581818181816
96,e96-h4-h9-g3,h4,h9,16.2,62.0865,0.067,0.55,-0.12262045454545453
97,e97-h1-h12-g0,h1,h12,28.1,63.773,0.068,1.2,-0.1368630909090909
97,e97-h2-h11-g1,h2,h11,23.7,68.0615,0.077,0.91,-0.13899409090909087
97,e97-h3-h10-g2,h3,h10,28.5,62.285,0.066,1.0,-0.12314781818181816
97,e97-h4-h9-g3,h4,h9,24.1,63.6555,0.073,0.92,-0.1299308181818182
98,e98-h1-h12-g0,h1,h12,10.4,60.5055,0.103,0.13,-0.10921990909090908
98,e98-h2-h11-g1,h2,h11,38.6,74.542,0.067,1.5,-0.15430418181818178
98,e98-h3-h10-g2,h3,h10,33.7,57.75,0.075,0.099,-0.05962727272727271
98,e98-h4-h9-g3,h4,h9,9.3,64.7715,0.167,0.13,-0.12013590909090908
99,e99-h1-h12-g0,h1,h12,15.7,62.117999999999995,0.0,0.0,-0.09569054545454544
99,e99-h2-h11-g1,h2,h11,33.9,67.1605,0.067,1.5,-0.14808663636363636
99,e99-h3-h10-g2,h3,h10,25.0,61.672,0.067,0.92,-0.12429145454545454
99,e99-h4-h9-g3,h4,h9,15.2,58.087,0.089,0.11,-0.09457163636363637
100,e100-h1-h12-g0,h1,h12,45.0,92.22,0.068,2.0,-0.20302981818181817
100,e100-h2-h11-g1,h2,h11,12.2,69.813,0.34,0.15,-0.12698418181818183
100,e100-h3-h10-g2,h3,h10,39.2,68.392,0.0,0.0,-0.0655112727272727
100,e100-h4-h9-g3,h4,h9,38.3,87.0495,0.092,1.5,-0.18001463636363635
101,e101-h1-h12-g0,h1,h12,9.37,65.2235,0.123,0.12,-0.12014863636363637
101,e101-h2-h11-g1,h2,h11,16.4,54.94,0.0,0.0,-0.08006181818181818
101,e101-h3-h10-g2,h3,h10,24.3,56.062,0.075,0.093,-0.07304218181818183
101,e101-h4-h9-g3,h4,h9,31.8,64.5495,0.066,1.2,-0.13167681818181814
102,e102-h1-h12-g0,h1,h12,39.6,70.612,0.067,1.8,-0.159626
102,e102-h2-h11-g1,h2,h11,32.2,58.804,0.168,0.12,-0.06607054545454547
102,e102-h3-h10-g2,h3,h10,45.9,79.649,0.068,2.1,-0.18125145454545455
102,e102-h4-h9-g3,h4,h9,12.6,62.6075,0.194,0.11,-0.10896990909090909
103,e103-h1-h12-g0,h1,h12,25.9,61.281499999999994,0.067,0.9,-0.1208740909090909
103,e103-h2-h11-g1,h2,h11,8.92,58.683,0.083,0.19,-0.11114581818181817
103,e103-h3-h10-g2,h3,h10,46.2,82.723,0.068,2.0,-0.181854
103,e103-h4-h9-g3,h4,h9,12.1,60.3415,0.11,0.17,-0.107843
104,e104-h1-h12-g0,h1,h12,16.5,60.873000000000005,0.068,0.58,-0.121154
104,e104-h2-h11-g1,h2,h11,21.3,56.307,0.106,0.17,-0.08302272727272728
104,e104-h3-h10-g2,h3,h10,26.8,61.432,0.067,0.98,-0.12353872727272727
104,e104-h4-h9-g3,h4,h9,57.6,101.95949999999999,0.077,2.6,-0.22965372727272726
105,e105-h1-h12-g0,h1,h12,45.3,79.092,0.074,1.8,-0.16626436363636363
105,e105-h2-h11-g1,h2,h11,32.8,55.714,0.089,0.17,-0.060825636363636366
105,e105-h3-h10-g2,h3,h10,46.1,78.84899999999999,0.067,1.9,-0.16928181818181814
105,e105-h4-h9-g3,h4,h9,9.75,57.247,0.086,0.18,-0.10628272727272726
106,e106-h1-h12-g0,h1,h12,53.8,87.9245,0.07,2.5,-0.20345081818181815
106,e106-h2-h11-g1,h2,h11,37.4,69.89,0.071,1.6,-0.152206
106,e106-h3-h10-g2,h3,h10,11.1,60.981,0.083,0.1,-0.10727818181818183
106,e106-h4-h9-g3,h4,h9,25.2,63.641999999999996,0.069,1.0,-0.13187981818181815
107,e107-h1-h12-g0,h1,h12,34.0,67.7555,0.0,0.0,-0.07369281818181816
107,e107-h2-h11-g1,h2,h11,28.6,65.265,0.0,0.0,-0.07852999999999997
107,e107-h3-h10-g2,h3,h10,16.0,58.698499999999996,0.106,0.07,-0.09244209090909089
107,e107-h4-h9-g3,h4,h9,10.5,56.1265,0.0,0.0,-0.0931620909090909
108,e108-h1-h12-g0,h1,h12,38.5,68.28399999999999,0.066,1.6,-0.14696399999999998
108,e108-h2-h11-g1,h2,h11,13.1,60.539,0.114,0.14,-0.1049438181818182
108,e108-h3-h10-g2,h3,h10,11.2,58.6125,0.079,0.14,-0.10433536363636364
108,e108-h4-h9-g3,h4,h9,11.6,56.446,0.078,0.12,-0.0982690909090909
109,e109-h1-h12-g0,h1,h12,10.0,59.9465,0.107,0.13,-0.10885318181818182
109,e109-h2-h11-g1,h2,h11,12.7,57.076499999999996,0.089,0.14,-0.0985960909090909
109,e109-h3-h10-g2,h3,h10,19.7,62.165499999999994,0.067,0.5,-0.11391481818181816
109,e109-h4-h9-g3,h4,h9,53.5,87.1565,0.068,2.4,-0.19744827272727267
110,e110-h1-h12-g0,h1,h12,18.7,62.265499999999996,0.069,0.69,-0.125445
110,e110-h2-h11-g1,h2,h11,30.6,53.486999999999995,0.079,0.13,-0.05831163636363634
110,e110-h3-h10-g2,h3,h10,22.9,69.4915,0.365,0.074,-0.10323663636363635
110,e110-h4-h9-g3,h4,h9,18.6,64.46,0.073,0.69,-0.13003981818181815
111,e111-h1-h12-g0,h1,h12,12.6,67.9075,0.149,0.16,-0.1217999090909091
111,e111-h2-h11-g1,h2,h11,9.43,59.263999999999996,0.101,0.14,-0.10898854545454544
111,e111-h3-h10-g2,h3,h10,17.0,59.403,0.074,0.6,-0.11834090909090908
111,e111-h4-h9-g3,h4,h9,12.2,58.5745,0.104,0.12,-0.10159118181818182
112,e112-h1-h12-g0,h1,h12,26.2,56.835499999999996,0.104,0.12,-0.07265863636363636
112,e112-h2-h11-g1,h2,h11,24.6,66.4555,0.068,0.92,-0.13459172727272728
112,e112-h3-h10-g2,h3,h10,38.5,73.8475,0.07,1.4,-0.148115
112,e112-h4-h9-g3,h4,h9,15.1,57.8425,0.087,0.13,-0.09525245454545454
113,e113-h1-h12-g0,h1,h12,33.3,68.096,0.067,1.3,-0.14104854545454548
113,e113-h2-h11-g1,h2,h11,46.9,82.5135,0.073,2.0,-0.18019227272727267
113,e113-h3-h10-g2,h3,h10,20.3,57.8665,0.066,0.65,-0.11171990909090908
113,e113-h4-h9-g3,h4,h9,50.4,54.933499999999995,0.142,0.12,-0.025082636363636335
114,e114-h1-h12-g0,h1,h12,33.8,75.02449999999999,0.076,1.3,-0.15405045454545452
114,e114-h2-h11-g1,h2,h11,18.8,61.072,0.068,0.87,-0.13187018181818183
114,e114-h3-h10-g2,h3,h10,25.5,57.4195,0.086,0.17,-0.07749136363636364
114,e114-h4-h9-g3,h4,h9,35.0,53.438,0.085,0.16,-0.051749636363636366
115,e115-h1-h12-g0,h1,h12,47.3,85.307,0.07,2.0,-0.18503399999999998
115,e115-h2-h11-g1,h2,h11,33.6,54.436,0.09,0.13,-0.054821090909090896
115,e115-h3-h10-g2,h3,h10,43.3,52.8825,0.075,0.088,-0.031887727272727255
115,e115-h4-h9-g3,h4,h9,9.49,56.992000000000004,0.083,0.15,-0.10472745454545454
116,e116-h1-h12-g0,h1,h12,37.3,71.1395,0.07,1.5,-0.14988081818181817
116,e116-h2-h11-g1,h2,h11,9.03,59.625,0.093,0.14,-0.11038981818181819
116,e116-h3-h10-g2,h3,h10,34.9,70.4705,0.073,1.4,-0.14792445454545455
116,e116-h4-h9-g3,h4,h9,36.3,58.2945,0.141,0.11,-0.05693499999999998
117,e117-h1-h12-g0,h1,h12,19.8,63.9875,0.072,0.63,-0.12390699999999998
117,e117-h2-h11-g1,h2,h11,13.5,58.427,0.096,0.13,-0.09938454545454543
117,e117-h3-h10-g2,h3,h10,19.5,65.1545,0.069,0.56,-0.12326845454545451
117,e117-h4-h9-g3,h4,h9,13.9,58.3245,0.103,0.12,-0.09799427272727272
118,e118-h1-h12-g0,h1,h12,34.5,66.6245,0.067,1.3,-0.13592372727272725
118,e118-h2-h11-g1,h2,h11,33.0,66.9785,0.0,0.0,-0.073957
118,e118-h3-h10-g2,h3,h10,47.1,55.623999999999995,0.151,0.098,-0.031417636363636335
118,e118-h4-h9-g3,h4,h9,16.2,58.6845,0.109,0.15,-0.09606845454545454
119,e119-h1-h12-g0,h1,h12,40.0,74.771,0.0,0.0,-0.07681472727272724
119,e119-h2-h11-g1,h2,h11,52.3,91.844,0.091,2.2,-0.19914309090909088
119,e119-h3-h10-g2,h3,h10,16.0,63.8895,0.069,0.48,-0.12310209090909088
119,e119-h4-h9-g3,h4,h9,34.0,69.28450000000001,0.07,1.4,-0.1471708181818182
120,e120-h1-h12-g0,h1,h12,12.1,64.97399999999999,0.112,0.11,-0.11411999999999999
120,e120-h2-h11-g1,h2,h11,9.4,58.528,0.098,0.12,-0.1065530909090909
120,e120-h3-h10-g2,h3,h10,27.4,64.543,0.067,1.0,-0.1296698181818182
120,e120-h4-h9-g3,h4,h9,58.8,106.6425,0.156,2.4,-0.22731190909090904
121,e121-h1-h12-g0,h1,h12,17.8,60.1065,0.0,0.0,-0.08784936363636361
121,e121-h2-h11-g1,h2,h11,40.3,75.72200000000001,0.08,1.6,-0.15865127272727272
121,e121-h3-h10-g2,h3,h10,34.9,65.846,0.066,1.3,-0.13363345454545456
121,e121-h4-h9-g3,h4,h9,52.3,85.02250000000001,0.067,2.1,-0.18035609090909094
122,e122-h1-h12-g0,h1,h12,16.9,59.730500000000006,0.067,0.56,-0.11713572727272727
122,e122-h2-h11-g1,h2,h11,17.9,63.8835,0.068,0.59,-0.12512954545454547
122,e122-h3-h10-g2,h3,h10,35.2,72.2895,0.068,1.3,-0.14598700000000003
122,e122-h4-h9-g3,h4,h9,18.3,65.86250000000001,0.068,0.65,-0.13136027272727277
123,e123-h1-h12-g0,h1,h12,16.8,54.68,0.085,0.22,-0.09032454545454544
123,e123-h2-h11-g1,h2,h11,40.0,72.997,0.073,1.7,-0.15870472727272722
123,e123-h3-h10-g2,h3,h10,41.7,69.977,0.0,0.0,-0.06413581818181817
123,e123-h4-h9-g3,h4,h9,47.2,78.884,0.074,2.1,-0.17739381818181815
124,e124-h1-h12-g0,h1,h12,14.4,57.8945,0.0,0.0,-0.08960718181818181
124,e124-h2-h11-g1,h2,h11,31.8,70.86699999999999,0.076,1.1,-0.13937181818181815
124,e124-h3-h10-g2,h3,h10,44.4,56.465,0.082,0.11,-0.03819472727272727
124,e124-h4-h9-g3,h4,h9,19.9,57.295500000000004,0.105,0.096,-0.08383918181818183
125,e125-h1-h12-g0,h1,h12,23.9,61.6955,0.068,0.88,-0.12434445454545455
125,e125-h2-h11-g1,h2,h11,18.2,66.924,0.0,0.0,-0.10075709090909094
125,e125-h3-h10-g2,h3,h10,46.6,54.3775,0.108,0.089,-0.029125727272727255
125,e125-h4-h9-g3,h4,h9,23.5,55.900499999999994,0.079,0.098,-0.07444772727272726
126,e126-h1-h12-g0,h1,h12,12.0,57.001,0.09,0.11,-0.09822381818181818
126,e126-h2-h11-g1,h2,h11,38.5,61.5205,0.122,0.12,-0.059772999999999986
126,e126-h3-h10-g2,h3,h10,9.74,59.169,0.098,0.12,-0.10721690909090908
126,e126-h4-h9-g3,h4,h9,25.0,59.959999999999994,0.093,0.11,-0.08052345454545451
127,e127-h1-h12-g0,h1,h12,32.7,53.641000000000005,0.091,0.12,-0.054373454545454544
127,e127-h2-h11-g1,h2,h11,39.8,73.8805,0.0,0.0,-0.07539736363636365
127,e127-h3-h10-g2,h3,h10,12.7,62.4015,0.102,0.13,-0.10882409090909091
127,e127-h4-h9-g3,h4,h9,9.45,59.819,0.113,0.12,-0.10913418181818181
128,e128-h1-h12-g0,h1,h12,16.4,61.339,0.067,0.53,-0.11976181818181818
128,e128-h2-h11-g1,h2,h11,33.7,69.0975,0.069,1.3,-0.1423362727272727
128,e128-h3-h10-g2,h3,h10,47.9,79.3555,0.068,1.9,-0.16702809090909093
128,e128-h4-h9-g3,h4,h9,19.2,59.143,0.066,0.68,-0.11777290909090908
129,e129-h1-h12-g0,h1,h12,18.3,56.9525,0.096,0.12,-0.08720827272727272
129,e129-h2-h11-g1,h2,h11,17.8,54.986999999999995,0.08,0.13,-0.08459036363636362
129,e129-h3-h10-g2,h3,h10,36.1,53.8805,0.077,0.11,-0.048086636363636345
129,e129-h4-h9-g3,h4,h9,52.6,87.2555,0.067,2.3,-0.19427663636363635
130,e130-h1-h12-g0,h1,h12,15.1,60.5245,0.12,0.12,-0.10031445454545454
130,e130-h2-h11-g1,h2,h11,24.4,60.566,0.0,0.0,-0.07676836363636363
130,e130-h3-h10-g2,h3,h10,34.2,72.0265,0.069,1.3,-0.1472851818181818
130,e130-h4-h9-g3,h4,h9,51.0,87.6915,0.067,1.9,-0.17805772727272728
131,e131-h1-h12-g0,h1,h12,9.7,58.1415,0.088,0.14,-0.10617463636363637
131,e131-h2-h11-g1,h2,h11,12.9,58.281499999999994,0.091,0.12,-0.09965445454545453
131,e131-h3-h10-g2,h3,h10,34.9,54.14,0.086,0.08,-0.04934145454545455
131,e131-h4-h9-g3,h4,h9,30.6,52.936499999999995,0.083,0.13,-0.057234636363636335
132,e132-h1-h12-g0,h1,h12,27.7,64.7955,0.067,1.1,-0.13462936363636366
132,e132-h2-h11-g1,h2,h11,13.6,56.9895,0.086,0.12,-0.09576772727272728
132,e132-h3-h10-g2,h3,h10,35.1,68.9125,0.0,0.0,-0.07400681818181816
132,e132-h4-h9-g3,h4,h9,16.2,58.5125,0.108,0.12,-0.09421845454545454
133,e133-h1-h12-g0,h1,h12,9.41,57.681,0.089,0.14,-0.1057869090909091
133,e133-h2-h11-g1,h2,h11,10.4,61.0435,0.101,0.14,-0.1107839090909091
133,e133-h3-h10-g2,h3,h10,26.8,63.09400000000001,0.066,0.85,-0.12035672727272725
133,e133-h4-h9-g3,h4,h9,40.1,56.9555,0.13,0.1,-0.04678190909090909
134,e134-h1-h12-g0,h1,h12,14.0,56.692,0.085,0.12,-0.09443945454545453
134,e134-h2-h11-g1,h2,h11,32.9,53.819,0.081,0.13,-0.05480581818181818
134,e134-h3-h10-g2,h3,h10,47.3,87.34100000000001,0.066,1.9,-0.18407800000000002
134,e134-h4-h9-g3,h4,h9,41.8,71.348,0.067,1.7,-0.15209799999999998
135,e135-h1-h12-g0,h1,h12,9.73,68.5185,0.178,0.16,-0.1284140909090909
135,e135-h2-h11-g1,h2,h11,19.1,56.072500000000005,0.086,0.12,-0.08393372727272728
135,e135-h3-h10-g2,h3,h10,26.4,56.0605,0.086,0.082,-0.068737
135,e135-h4-h9-g3,h4,h9,36.2,68.881,0.068,1.3,-0.13735181818181819
136,e136-h1-h12-g0,h1,h12,23.7,55.48650000000001,0.097,0.13,-0.07496409090909091
136,e136-h2-h11-g1,h2,h11,47.1,86.863,0.075,1.9,-0.18353963636363635
136,e136-h3-h10-g2,h3,h10,39.9,75.0835,0.067,1.8,-0.16802354545454545
136,e136-h4-h9-g3,h4,h9,17.9,60.876999999999995,0.121,0.12,-0.09593454545454545
137,e137-h1-h12-g0,h1,h12,9.31,63.302499999999995,0.14,0.14,-0.11751772727272726
137,e137-h2-h11-g1,h2,h11,10.2,61.736000000000004,0.106,0.12,-0.11156254545454546
137,e137-h3-h10-g2,h3,h10,39.5,55.9,0.085,0.1,-0.04549181818181817
137,e137-h4-h9-g3,h4,h9,9.57,56.974000000000004,0.081,0.12,-0.10303400000000001
138,e138-h1-h12-g0,h1,h12,18.1,62.1015,0.067,0.62,-0.12269590909090909
138,e138-h2-h11-g1,h2,h11,16.4,61.71300000000001,0.177,0.11,-0.1001698181818182
138,e138-h3-h10-g2,h3,h10,28.5,78.45150000000001,0.069,1.1,-0.1604988181818182
138,e138-h4-h9-g3,h4,h9,26.0,64.089,0.068,0.93,-0.12781327272727272
139,e139-h1-h12-g0,h1,h12,9.06,59.6465,0.084,0.12,-0.10932427272727273
139,e139-h2-h11-g1,h2,h11,36.3,65.3125,0.067,1.4,-0.13502699999999998
139,e139-h3-h10-g2,h3,h10,29.8,57.547,0.092,0.1,-0.0664641818181818
139,e139-h4-h9-g3,h4,h9,19.4,58.39,0.108,0.13,-0.08865527272727274
140,e140-h1-h12-g0,h1,h12,26.2,65.519,0.068,0.89,-0.12830963636363638
140,e140-h2-h11-g1,h2,h11,53.9,87.96600000000001,0.069,2.3,-0.193346
140,e140-h3-h10-g2,h3,h10,10.3,57.7825,0.086,0.083,-0.10150372727272726
140,e140-h4-h9-g3,h4,h9,49.5,83.02199999999999,0.074,2.1,-0.18148799999999998
141,e141-h1-h12-g0,h1,h12,23.5,70.24549999999999,0.0,0.0,-0.09776372727272725
141,e141-h2-h11-g1,h2,h11,19.2,65.933,0.118,0.12,-0.1036649090909091
141,e141-h3-h10-g2,h3,h10,42.1,72.6565,0.067,1.8,-0.15916954545454542
141,e141-h4-h9-g3,h4,h9,17.9,55.8045,0.086,0.13,-0.08607954545454545
142,e142-h1-h12-g0,h1,h12,20.6,62.836,0.067,0.8,-0.1286194545454545
142,e142-h2-h11-g1,h2,h11,34.1,69.285,0.0,0.0,-0.07657
142,e142-h3-h10-g2,h3,h10,11.7,57.93300000000001,0.08,0.096,-0.09987327272727273
142,e142-h4-h9-g3,h4,h9,19.8,69.44200000000001,0.07,0.69,-0.137804
143,e143-h1-h12-g0,h1,h12,9.42,58.9985,0.088,0.14,-0.10839772727272728
143,e143-h2-h11-g1,h2,h11,27.3,57.7915,0.078,0.11,-0.07191463636363635
143,e143-h3-h10-g2,h3,h10,11.3,62.8285,0.079,0.11,-0.11108554545454545
143,e143-h4-h9-g3,h4,h9,31.2,67.012,0.0,0.0,-0.07729672727272727
144,e144-h1-h12-g0,h1,h12,18.2,58.327,0.067,0.5,-0.10896509090909089
144,e144-h2-h11-g1,h2,h11,46.9,80.515,0.068,2.1,-0.18116527272727273
144,e144-h3-h10-g2,h3,h10,11.7,60.30200000000001,0.121,0.11,-0.10555727272727275
144,e144-h4-h9-g3,h4,h9,16.4,57.1515,0.094,0.11,-0.09054881818181819
145,e145-h1-h12-g0,h1,h12,21.9,61.059,0.0,0.0,-0.08229981818181817
145,e145-h2-h11-g1,h2,h11,37.1,75.4255,0.074,1.5,-0.15884045454545453
145,e145-h3-h10-g2,h3,h10,22.1,58.16,0.084,0.13,-0.08314218181818181
145,e145-h4-h9-g3,h4,h9,32.9,67.6945,0.068,1.5,-0.1509788181818182
146,e146-h1-h12-g0,h1,h12,44.4,79.36,0.067,1.7,-0.16339472727272725
146,e146-h2-h11-g1,h2,h11,32.7,71.15350000000001,0.072,1.2,-0.14328445454545455
146,e146-h3-h10-g2,h3,h10,24.7,56.224999999999994,0.098,0.081,-0.07217890909090907
146,e146-h4-h9-g3,h4,h9,44.6,83.11699999999999,0.072,1.7,-0.17057509090909084
147,e147-h1-h12-g0,h1,h12,10.0,58.617999999999995,0.09,0.13,-0.1060941818181818
147,e147-h2-h11-g1,h2,h11,41.8,72.3315,0.066,1.6,-0.149059
147,e147-h3-h10-g2,h3,h10,54.3,93.064,0.067,1.8,-0.17780272727272722
147,e147-h4-h9-g3,h4,h9,45.9,55.451,0.13,0.088,-0.03262745454545455
148,e148-h1-h12-g0,h1,h12,25.7,72.408,0.0,0.0,-0.09808872727272727
148,e148-h2-h11-g1,h2,h11,20.0,61.9855,0.0,0.0,-0.08760736363636362
148,e148-h3-h10-g2,h3,h10,40.6,72.38550000000001,0.067,1.6,-0.15135481818181817
148,e148-h4-h9-g3,h4,h9,10.1,59.5665,0.101,0.074,-0.10507536363636362
149,e149-h1-h12-g0,h1,h12,25.7,69.71350000000001,0.07,0.95,-0.14061972727272729
149,e149-h2-h11-g1,h2,h11,27.1,63.9185,0.068,1.1,-0.13397227272727275
149,e149-h3-h10-g2,h3,h10,16.7,62.239999999999995,0.066,0.5,-0.11951236363636361
149,e149-h4-h9-g3,h4,h9,16.9,58.816500000000005,0.066,0.54,-0.11430172727272728
150,e150-h1-h12-g0,h1,h12,27.0,67.37100000000001,0.0,0.0,-0.0856510909090909
150,e150-h2-h11-g1,h2,h11,55.3,103.8885,0.073,2.1,-0.21266954545454542
150,e150-h3-h10-g2,h3,h10,44.9,79.28,0.067,1.8,-0.16732563636363634
150,e150-h4-h9-g3,h4,h9,12.2,59.316,0.136,0.11,-0.10276618181818183
151,e151-h1-h12-g0,h1,h12,45.1,51.8,0.088,0.11,-0.02762799999999998
151,e151-h2-h11-g1,h2,h11,17.2,62.87049999999999,0.067,0.5,-0.11987027272727267
151,e151-h3-h10-g2,h3,h10,20.1,64.3155,0.068,0.67,-0.12599354545454544
151,e151-h4-h9-g3,h4,h9,45.9,79.5515,0.067,1.8,-0.16605045454545458
152,e152-h1-h12-g0,h1,h12,41.8,76.0215,0.069,1.6,-0.15645699999999998
152,e152-h2-h11-g1,h2,h11,27.2,58.407,0.117,0.1,-0.07306145454545455
152,e152-h3-h10-g2,h3,h10,46.6,78.493,0.0,0.0,-0.07225872727272725
152,e152-h4-h9-g3,h4,h9,43.8,79.34100000000001,0.071,1.7,-0.16447163636363638
153,e153-h1-h12-g0,h1,h12,16.0,63.266,0.068,0.5,-0.12284909090909092
153,e153-h2-h11-g1,h2,h11,23.4,54.397999999999996,0.082,0.1,-0.07174254545454546
153,e153-h3-h10-g2,h3,h10,27.8,70.1715,0.072,1.1,-0.14522954545454542
153,e153-h4-h9-g3,h4,h9,39.5,78.45750000000001,0.069,1.6,-0.16551081818181818
154,e154-h1-h12-g0,h1,h12,10.6,57.5975,0.085,0.12,-0.1024322727272727
154,e154-h2-h11-g1,h2,h11,58.3,54.457,0.122,0.096,-0.008445999999999985
154,e154-h3-h10-g2,h3,h10,26.4,64.893,0.066,0.92,-0.128182
154,e154-h4-h9-g3,h4,h9,14.2,57.5095,0.096,0.11,-0.09527681818181817
155,e155-h1-h12-g0,h1,h12,38.0,53.037,0.095,0.1,-0.04255309090909091
155,e155-h2-h11-g1,h2,h11,19.8,60.557500000000005,0.066,0.56,-0.113511
155,e155-h3-h10-g2,h3,h10,22.3,56.207499999999996,0.0,0.0,-0.07186954545454544
155,e155-h4-h9-g3,h4,h9,39.0,74.16900000000001,0.067,1.5,-0.15283090909090913
156,e156-h1-h12-g0,h1,h12,41.2,60.0005,0.222,0.12,-0.052423909090909084
156,e156-h2-h11-g1,h2,h11,26.3,66.32650000000001,0.066,1.0,-0.1352308181818182
156,e156-h3-h10-g2,h3,h10,26.6,54.3935,0.073,0.1,-0.06586136363636363
156,e156-h4-h9-g3,h4,h9,17.2,59.266000000000005,0.127,0.11,-0.09352127272727274
157,e157-h1-h12-g0,h1,h12,9.14,58.3715,0.085,0.11,-0.10613481818181818
157,e157-h2-h11-g1,h2,h11,46.0,80.97399999999999,0.068,2.0,-0.1787196363636363
157,e157-h3-h10-g2,h3,h10,28.6,64.356,0.067,1.1,-0.13211399999999998
157,e157-h4-h9-g3,h4,h9,39.9,57.0285,0.079,0.12,-0.047985545454545454
158,e158-h1-h12-g0,h1,h12,9.64,59.2675,0.097,0.12,-0.10758972727272728
158,e158-h2-h11-g1,h2,h11,48.2,79.59899999999999,0.067,1.8,-0.16196363636363634
158,e158-h3-h10-g2,h3,h10,33.9,68.679,0.068,1.2,-0.13612963636363634
158,e158-h4-h9-g3,h4,h9,30.8,55.058499999999995,0.11,0.11,-0.06027699999999998
159,e159-h1-h12-g0,h1,h12,41.1,75.7915,0.068,1.6,-0.15726372727272725
159,e159-h2-h11-g1,h2,h11,12.0,57.457499999999996,0.084,0.085,-0.09785081818181816
159,e159-h3-h10-g2,h3,h10,26.7,70.60749999999999,0.0,0.0,-0.09266954545454541
159,e159-h4-h9-g3,h4,h9,34.4,73.2135,0.077,1.3,-0.14934354545454542
160,e160-h1-h12-g0,h1,h12,31.9,55.172,0.1,0.13,-0.059444000000000004
160,e160-h2-h11-g1,h2,h11,9.86,58.215,0.08,0.11,-0.10448272727272727
160,e160-h3-h10-g2,h3,h10,16.6,60.116,0.066,0.55,-0.1179461818181818
160,e160-h4-h9-g3,h4,h9,48.2,82.7205,0.069,1.9,-0.17321863636363635
161,e161-h1-h12-g0,h1,h12,46.5,63.516000000000005,0.0,0.0,-0.04248654545454546
161,e161-h2-h11-g1,h2,h11,33.3,55.327,0.094,0.09,-0.055172545454545446
161,e161-h3-h10-g2,h3,h10,18.4,63.451499999999996,0.154,0.11,-0.09987245454545453
161,e161-h4-h9-g3,h4,h9,16.8,63.2915,0.068,0.55,-0.12394554545454546
162,e162-h1-h12-g0,h1,h12,12.9,67.303,0.164,0.11,-0.11763545454545453
162,e162-h2-h11-g1,h2,h11,9.83,58.988,0.101,0.15,-0.10820927272727271
162,e162-h3-h10-g2,h3,h10,34.9,56.632999999999996,0.0,0.0,-0.04981145454545452
162,e162-h4-h9-g3,h4,h9,9.2,59.8825,0.105,0.12,-0.10966772727272728
163,e163-h1-h12-g0,h1,h12,38.6,76.3155,0.077,1.4,-0.1529111818181818
163,e163-h2-h11-g1,h2,h11,38.8,69.34100000000001,0.067,1.6,-0.14853854545454548
163,e163-h3-h10-g2,h3,h10,38.4,74.652,0.071,1.5,-0.15491181818181815
163,e163-h4-h9-g3,h4,h9,37.7,76.275,0.074,1.6,-0.16444854545454546
164,e164-h1-h12-g0,h1,h12,12.6,59.26049999999999,0.0,0.0,-0.09561190909090908
164,e164-h2-h11-g1,h2,h11,27.3,54.708,0.076,0.098,-0.06513563636363635
164,e164-h3-h10-g2,h3,h10,17.1,63.2505,0.097,0.1,-0.10099209090909092
164,e164-h4-h9-g3,h4,h9,45.2,58.777,0.0,0.0,-0.0353721818181818
165,e165-h1-h12-g0,h1,h12,13.0,61.614000000000004,0.138,0.13,-0.10691963636363637
165,e165-h2-h11-g1,h2,h11,45.5,83.37299999999999,0.068,1.8,-0.17442672727272723
165,e165-h3-h10-g2,h3,h10,57.4,100.00399999999999,0.067,2.4,-0.21604636363636356
165,e165-h4-h9-g3,h4,h9,28.7,63.6995,0.067,1.1,-0.1306191818181818
166,e166-h1-h12-g0,h1,h12,48.6,82.2925,0.084,2.2,-0.1867253636363636
166,e166-h2-h11-g1,h2,h11,10.9,59.2975,0.102,0.14,-0.10638881818181818
166,e166-h3-h10-g2,h3,h10,61.4,105.35249999999999,0.068,2.8,-0.23947663636363634
166,e166-h4-h9-g3,h4,h9,19.4,60.3065,0.068,0.75,-0.1232482727272727
167,e167-h1-h12-g0,h1,h12,30.6,56.995999999999995,0.129,0.26,-0.07212963636363634
167,e167-h2-h11-g1,h2,h11,10.3,56.9625,0.08,0.24,-0.10767772727272724
167,e167-h3-h10-g2,h3,h10,35.0,65.4205,0.067,1.6,-0.14760663636363636
167,e167-h4-h9-g3,h4,h9,9.14,61.0295,0.115,0.23,-0.11763081818181816
168,e168-h1-h12-g0,h1,h12,17.0,58.161,0.067,0.56,-0.11381490909090909
168,e168-h2-h11-g1,h2,h11,25.8,62.403,0.066,0.87,-0.12179290909090908
168,e168-h3-h10-g2,h3,h10,26.9,65.6045,0.07,1.1,-0.1377199090909091
168,e168-h4-h9-g3,h4,h9,9.89,58.41,0.087,0.13,-0.1058601818181818
169,e169-h1-h12-g0,h1,h12,33.4,65.39599999999999,0.068,1.4,-0.14047272727272722
169,e169-h2-h11-g1,h2,h11,27.4,60.555,0.067,1.1,-0.12669381818181819
169,e169-h3-h10-g2,h3,h10,9.18,58.1055,0.085,0.19,-0.1095300909090909
169,e169-h4-h9-g3,h4,h9,27.0,60.4375,0.067,0.99,-0.12168609090909088
170,e170-h1-h12-g0,h1,h12,26.0,62.935,0.068,1.1,-0.13400527272727275
170,e170-h2-h11-g1,h2,h11,17.9,62.9695,0.068,0.64,-0.12580154545454547
170,e170-h3-h10-g2,h3,h10,12.9,60.5555,0.135,0.12,-0.10446645454545456
170,e170-h4-h9-g3,h4,h9,34.1,74.477,0.076,1.4,-0.15741
171,e171-h1-h12-g0,h1,h12,11.3,60.6555,0.099,0.12,-0.10735954545454546
171,e171-h2-h11-g1,h2,h11,26.5,66.432,0.066,0.89,-0.1295781818181818
171,e171-h3-h10-g2,h3,h10,11.8,60.2355,0.117,0.13,-0.10621845454545455
171,e171-h4-h9-g3,h4,h9,16.8,56.4285,0.086,0.11,-0.08832754545454545
172,e172-h1-h12-g0,h1,h12,50.2,93.85499999999999,0.071,2.1,-0.20186327272727267
172,e172-h2-h11-g1,h2,h11,15.1,60.1545,0.123,0.09,-0.09809245454545455
172,e172-h3-h10-g2,h3,h10,17.3,70.854,0.066,0.56,-0.13864945454545455
172,e172-h4-h9-g3,h4,h9,11.2,63.85,0.091,0.1,-0.11288236363636366
173,e173-h1-h12-g0,h1,h12,31.7,54.5925,0.095,0.14,-0.05911863636363636
173,e173-h2-h11-g1,h2,h11,40.4,53.581,0.079,0.085,-0.038431454545454546
173,e173-h3-h10-g2,h3,h10,26.7,66.81049999999999,0.072,0.99,-0.1350075454545454
173,e173-h4-h9-g3,h4,h9,40.8,70.1855,0.067,1.5,-0.1415911818181818
174,e174-h1-h12-g0,h1,h12,35.2,68.8905,0.068,1.4,-0.14418899999999998
174,e174-h2-h11-g1,h2,h11,25.8,55.8895,0.093,0.13,-0.07192790909090908
174,e174-h3-h10-g2,h3,h10,17.1,57.641000000000005,0.099,0.14,-0.09178509090909091
174,e174-h4-h9-g3,h4,h9,10.2,63.740500000000004,0.121,0.077,-0.11351154545454548
175,e175-h1-h12-g0,h1,h12,43.1,77.914,0.067,1.8,-0.16786636363636365
175,e175-h2-h11-g1,h2,h11,38.5,69.0635,0.066,1.7,-0.153523
175,e175-h3-h10-g2,h3,h10,11.6,60.052,0.0,0.0,-0.09901309090909091
175,e175-h4-h9-g3,h4,h9,45.2,81.63749999999999,0.067,1.8,-0.1714951818181818
176,e176-h1-h12-g0,h1,h12,13.0,66.5275,0.113,0.12,-0.11609663636363637
176,e176-h2-h11-g1,h2,h11,12.4,56.837,0.081,0.15,-0.09911454545454546
176,e176-h3-h10-g2,h3,h10,11.9,61.587,0.099,0.19,-0.11163163636363635
176,e176-h4-h9-g3,h4,h9,11.7,61.339,0.104,0.13,-0.10852927272727272
177,e177-h1-h12-g0,h1,h12,42.2,73.99,0.068,1.6,-0.15166072727272722
177,e177-h2-h11-g1,h2,h11,14.7,57.2455,0.084,0.093,-0.09291772727272728
177,e177-h3-h10-g2,h3,h10,16.9,60.3225,0.129,0.11,-0.09619172727272728
177,e177-h4-h9-g3,h4,h9,37.7,68.137,0.071,1.6,-0.14815454545454543
178,e178-h1-h12-g0,h1,h12,26.6,62.44499999999999,0.068,1.1,-0.1319343636363636
178,e178-h2-h11-g1,h2,h11,49.2,56.687,0.098,0.15,-0.03200745454545453
178,e178-h3-h10-g2,h3,h10,25.1,55.7425,0.089,0.15,-0.07388263636363634
178,e178-h4-h9-g3,h4,h9,35.5,65.6465,0.0,0.0,-0.06674754545454545
