episode,flow_id,src,dst,throughput_mbps,rtt_ms,jitter_ms,loss_pct,absolute_reward,decision
1,e1-h1-h16-g0,h1,h16,2.4,2840.371,12.89,73.0,-0.4876594736842105,1
1,e1-h2-h15-g1,h2,h15,59.5,2674.2185,0.55,48.0,-0.42659736842105256,2
1,e1-h3-h14-g2,h3,h14,86.8,3144.1724999999997,20.307,26.0,-0.4743736315789474,3
1,e1-h4-h13-g3,h4,h13,52.6,3036.1000000000004,0.207,0.71,-0.2891236315789473,4
2,e2-h1-h16-g0,h1,h16,280.0,4498.279500000001,51.624,25.0,-0.4821052631578947,5
2,e2-h2-h15-g1,h2,h15,55.3,5860.231,6.28,0.85,-0.3083057894736842,6
2,e2-h3-h14-g2,h3,h14,26.0,5513.4255,36.281,18.0,-0.5478956315789473,7
2,e2-h4-h13-g3,h4,h13,924.0,1270.933,36.953,75.0,-0.17180636842105257,8
3,e3-h1-h16-g0,h1,h16,57.1,5172.2155,18.469,19.0,-0.4813648947368421,9
3,e3-h2-h15-g1,h2,h15,40.0,5682.102,1.329,0.29,-0.29149489473684215,10
3,e3-h3-h14-g2,h3,h14,479.0,3026.265,24.696,28.0,-0.3224037894736842,11
3,e3-h4-h13-g3,h4,h13,0.078,907.1935,29.637,80.0,-0.5388781578947368,12
4,e4-h1-h16-g0,h1,h16,26.9,10135.5865,27.5,24.0,-0.5211736842105263,13
4,e4-h2-h15-g1,h2,h15,0.059,4983.586,32.992,82.0,-0.5489511578947368,14
4,e4-h3-h14-g2,h3,h14,0.117,5238.952,16.562,57.0,-0.4996367368421053,15
4,e4-h4-h13-g3,h4,h13,0.058,10798.0505,0.0,0.0,-0.2999755789473684,16
5,e5-h1-h16-g0,h1,h16,941.0,13542.905,4.124,41.0,-0.06616147368421046,17
5,e5-h2-h15-g1,h2,h15,21.9,6660.275,53.547,53.0,-0.5907789473684211,18
5,e5-h3-h14-g2,h3,h14,950.0,7060.9005,22.021,0.92,0.020137000000000037,19
5,e5-h4-h13-g3,h4,h13,108.0,7280.4735,73.682,44.0,-0.5545263157894736,20
6,e6-h1-h16-g0,h1,h16,21.8,3156.6175000000003,0.478,47.0,-0.44225505263157894,21
6,e6-h2-h15-g1,h2,h15,0.045,2486.2055,3.451,46.0,-0.4603340526315789,22
6,e6-h3-h14-g2,h3,h14,128.0,4446.673,98.305,40.0,-0.5461052631578948,23
6,e6-h4-h13-g3,h4,h13,32.4,4125.554,22.349,1.2,-0.37140489473684213,24
7,e7-h1-h16-g0,h1,h16,34.6,13496.9295,0.98,0.49,-0.29572157894736845,25
7,e7-h2-h15-g1,h2,h15,947.0,11821.577000000001,73.936,46.0,-0.2012631578947368,26
7,e7-h3-h14-g2,h3,h14,62.4,7022.99,59.706,51.0,-0.5737263157894736,27
7,e7-h4-h13-g3,h4,h13,43.1,12950.428,121.196,90.0,-0.5818526315789474,28
8,e8-h3-h14-g2,h3,h14,27.4,4359.825,2.101,1.9,-0.3232661578947368,29
8,e8-h4-h13-g3,h4,h13,182.0,3872.2235,15.637,2.0,-0.3002794210526315,30
9,e9-h3-h14-g2,h3,h14,442.0,12991.0295,45.49,50.0,-0.4003647368421053,31
9,e9-h4-h13-g3,h4,h13,509.0,12741.4225,4.644,42.0,-0.24961621052631575,32
10,e10-h1-h16-g0,h1,h16,4.27,8440.9365,75.328,49.0,-0.5982021052631579,33
10,e10-h2-h15-g1,h2,h15,38.8,1353.125,1.91,0.4,-0.29539315789473686,34
10,e10-h3-h14-g2,h3,h14,9.76,9702.5785,57.38,28.0,-0.5958905263157894,35
10,e10-h4-h13-g3,h4,h13,56.7,10221.769,1.023,67.0,-0.4291953157894737,36
11,e11-h2-h15-g1,h2,h15,69.6,21150.622,113.605,0.22,-0.42399473684210526,37
11,e11-h3-h14-g2,h3,h14,317.0,7393.5285,56.525,1.1,-0.33302631578947367,38
11,e11-h4-h13-g3,h4,h13,33.0,8349.401,0.641,0.76,-0.2994282631578948,39
12,e12-h3-h14-g2,h3,h14,8.7,10730.356,60.44,42.0,-0.5963368421052632,40
12,e12-h4-h13-g3,h4,h13,0.925,13038.5655,5.012,38.0,-0.4646465263157894,41
14,e14-h3-h14-g2,h3,h14,5.2,9321.4585,38.524,41.0,-0.5633825263157894,42
14,e14-h4-h13-g3,h4,h13,6.04,9871.9795,2.036,39.0,-0.45356484210526316,43
15,e15-h1-h16-g0,h1,h16,41.7,5764.915,6.315,2.4,-0.33738710526315785,44
15,e15-h2-h15-g1,h2,h15,38.2,18662.287,97.013,14.0,-0.5839157894736842,45
15,e15-h3-h14-g2,h3,h14,950.0,16011.58,67.749,8.8,-0.18199999999999997,46
15,e15-h4-h13-g3,h4,h13,73.4,23.088,104.255,85.0,-0.2829475368421053,47
16,e16-h2-h15-g1,h2,h15,71.2,23.807,0.197,3.5,-0.03739625263157894,48
16,e16-h3-h14-g2,h3,h14,74.0,21.842,98.957,95.0,-0.2819473052631579,49
17,e17-h2-h15-g1,h2,h15,44.2,26469.947,75.271,1.3,-0.45088947368421056,50
17,e17-h3-h14-g2,h3,h14,2.26,11610.1485,58.065,45.0,-0.5990484210526316,51
17,e17-h4-h13-g3,h4,h13,945.0,10645.284,5.386,40.0,-0.06826326315789469,52
19,e19-h1-h16-g0,h1,h16,103.0,969.4705,1.296,2.0,-0.29051957894736846,53
19,e19-h2-h15-g1,h2,h15,35.5,949.7345,0.0,0.0,-0.28505263157894734,54
19,e19-h3-h14-g2,h3,h14,2.18,2054.5820000000003,15.599,46.0,-0.4958791052631578,55
19,e19-h4-h13-g3,h4,h13,30.7,1696.187,0.626,45.0,-0.4389516842105263,56
20,e20-h3-h14-g2,h3,h14,30.6,10468.728,31.762,49.0,-0.5324017894736842,57
20,e20-h4-h13-g3,h4,h13,5.92,10102.5115,0.738,47.0,-0.4497213684210526,58
21,e21-h2-h15-g1,h2,h15,0.089,2409.546,2.665,43.0,-0.45795752631578945,59
22,e22-h3-h14-g2,h3,h14,950.0,10926.9995,88.304,17.0,-0.19999999999999996,60
22,e22-h4-h13-g3,h4,h13,28.9,11375.9565,3.479,2.2,-0.3312685789473684,61
23,e23-h1-h16-g0,h1,h16,16.6,25.341,43.173,50.0,-0.28773412631578943,62
23,e23-h4-h13-g3,h4,h13,143.0,22527.635,147.627,99.0,-0.5397894736842105,63
24,e24-h1-h16-g0,h1,h16,115.0,7460.009999999999,145.845,62.0,-0.5515789473684211,64
24,e24-h2-h15-g1,h2,h15,111.0,49.118,31.843,2.3,-0.11276295789473684,65
24,e24-h3-h14-g2,h3,h14,322.0,9237.491,2.86,42.0,-0.3230010526315789,66
24,e24-h4-h13-g3,h4,h13,31.4,4489.8705,36.302,50.0,-0.545684947368421,67
25,e25-h1-h16-g0,h1,h16,16.1,22.127,43.437,53.0,-0.28680825263157894,68
26,e26-h1-h16-g0,h1,h16,68.2,22.964,75.338,1.3,-0.15456261052631576,69
26,e26-h3-h14-g2,h3,h14,4.13,10043.177,47.789,44.0,-0.5916280526315789,70
26,e26-h4-h13-g3,h4,h13,2.95,11177.442,3.23,41.0,-0.4584478947368421,71
27,e27-h4-h13-g3,h4,h13,950.0,20867.656,68.089,2.2,-0.08299999999999996,72
28,e28-h3-h14-g2,h3,h14,133.0,15309.241,19.125,2.0,-0.331375,73
29,e29-h3-h14-g2,h3,h14,0.04,15053.0235,8.898,34.0,-0.47667715789473686,74
29,e29-h4-h13-g3,h4,h13,948.0,13861.6075,58.483,57.0,-0.20084210526315782,75
30,e30-h3-h14-g2,h3,h14,2.32,11975.5655,6.411,38.0,-0.46825615789473685,76
30,e30-h4-h13-g3,h4,h13,945.0,11062.9215,55.867,54.0,-0.20210526315789468,77
32,e32-h3-h14-g2,h3,h14,473.0,14764.3215,8.59,34.0,-0.2766121052631578,78
32,e32-h4-h13-g3,h4,h13,476.0,14490.6665,54.189,56.0,-0.39957894736842103,79
33,e33-h4-h13-g3,h4,h13,660.0,12788.343,8.293,60.0,-0.1969842631578947,80
34,e34-h1-h16-g0,h1,h16,112.0,7970.013,72.214,3.2,-0.4508421052631579,81
34,e34-h2-h15-g1,h2,h15,31.4,16470.478000000003,1.464,0.25,-0.294920947368421,82
34,e34-h3-h14-g2,h3,h14,28.4,350.615,0.594,41.0,-0.3501931052631579,83
34,e34-h4-h13-g3,h4,h13,3.65,10939.979,53.085,42.0,-0.5984631578947368,84
35,e35-h3-h14-g2,h3,h14,49.5,5431.508000000001,0.227,1.0,-0.2948388947368421,85
35,e35-h4-h13-g3,h4,h13,41.5,10473.7775,71.144,2.9,-0.47602631578947363,86
36,e36-h1-h16-g0,h1,h16,950.0,5597.747,7.006,0.3,0.07448200000000003,87
36,e36-h3-h14-g2,h3,h14,0.051,28042.215,68.457,4.5,-0.5174785263157895,88
37,e37-h1-h16-g0,h1,h16,106.0,46.025,0.31,2.0,-0.013913421052631571,89
37,e37-h2-h15-g1,h2,h15,69.4,20.348,75.92,2.1,-0.16448774736842103,90
37,e37-h3-h14-g2,h3,h14,136.0,70.73,105.959,96.0,-0.2851748421052631,91
37,e37-h4-h13-g3,h4,h13,31.1,71.461,70.319,4.5,-0.24728186315789474,92
39,e39-h1-h16-g0,h1,h16,2.02,2445.833,2.284,39.0,-0.4560014736842105,93
39,e39-h3-h14-g2,h3,h14,0.083,23294.337,63.131,7.0,-0.5549650526315789,94
40,e40-h1-h16-g0,h1,h16,12.5,63.481,89.009,29.0,-0.3328254421052631,95
40,e40-h3-h14-g2,h3,h14,2.5,9524.2855,38.023,69.0,-0.5630163684210526,96
40,e40-h4-h13-g3,h4,h13,38.3,4525.8425,0.273,48.0,-0.4346926842105263,97
41,e41-h3-h14-g2,h3,h14,525.0,14035.4795,63.649,51.0,-0.3789473684210526,98
41,e41-h4-h13-g3,h4,h13,421.0,16293.707999999999,8.539,60.0,-0.29835384210526317,99
42,e42-h3-h14-g2,h3,h14,19.3,10229.914499999999,1.033,42.0,-0.44497268421052627,100
42,e42-h4-h13-g3,h4,h13,0.987,8566.51,29.273,42.0,-0.5374034210526315,101
43,e43-h2-h15-g1,h2,h15,173.0,298.149,190.149,72.0,-0.4060472947368421,102
43,e43-h3-h14-g2,h3,h14,32.1,1802.6805,0.577,48.0,-0.43821521052631573,103
43,e43-h4-h13-g3,h4,h13,21.1,1639.9035,0.242,47.0,-0.44184178947368424,104
44,e44-h3-h14-g2,h3,h14,7.84,5724.9405,0.663,44.0,-0.4486879473684211,105
44,e44-h4-h13-g3,h4,h13,59.2,5070.1565,43.961,45.0,-0.5569566842105264,106
45,e45-h3-h14-g2,h3,h14,3.66,12832.9015,61.005,40.0,-0.5984589473684211,107
45,e45-h4-h13-g3,h4,h13,0.4,13233.304,3.778,40.0,-0.4611655789473684,108
46,e46-h3-h14-g2,h3,h14,38.0,24452.321,75.178,1.3,-0.45349999999999996,109
47,e47-h1-h16-g0,h1,h16,35.1,1982.195,1.382,0.41,-0.2955170526315789,110
47,e47-h4-h13-g3,h4,h13,947.0,22791.866,74.372,1.3,-0.07076315789473682,111
48,e48-h2-h15-g1,h2,h15,58.6,18332.634,51.552,13.0,-0.5753263157894737,112
48,e48-h3-h14-g2,h3,h14,951.0,13609.199499999999,64.538,47.0,-0.19999999999999996,113
48,e48-h4-h13-g3,h4,h13,0.059,16073.4655,4.414,40.0,-0.46321715789473683,114
49,e49-h2-h15-g1,h2,h15,32.0,716.768,0.475,51.0,-0.43795131578947366,115
50,e50-h3-h14-g2,h3,h14,441.0,21399.734,89.645,0.87,-0.2773657894736842,116
51,e51-h3-h14-g2,h3,h14,20.0,8172.0685,1.321,44.0,-0.445541947368421,117
51,e51-h4-h13-g3,h4,h13,858.0,14425.0605,56.495,44.0,-0.23873684210526308,118
52,e52-h1-h16-g0,h1,h16,37.9,2025.032,1.59,0.37,-0.29436210526315787,119
52,e52-h3-h14-g2,h3,h14,48.4,2911.216,0.0,0.0,-0.27962105263157894,120
53,e53-h3-h14-g2,h3,h14,4.67,8714.9495,9.025,37.0,-0.4751086842105263,121
53,e53-h4-h13-g3,h4,h13,57.9,8217.4785,62.581,53.0,-0.5756210526315789,122
54,e54-h3-h14-g2,h3,h14,80.4,27858.077,70.118,3.9,-0.4746473684210526,123
55,e55-h3-h14-g2,h3,h14,0.065,3362.772,4.729,41.0,-0.46415963157894735,124
55,e55-h4-h13-g3,h4,h13,2.7,23771.972999999998,60.164,42.0,-0.5988631578947369,125
56,e56-h1-h16-g0,h1,h16,952.0,2371.828,1.67,0.34,0.08989000000000003,126
57,e57-h3-h14-g2,h3,h14,0.213,16800.978,70.964,44.0,-0.5999103157894737,127
57,e57-h4-h13-g3,h4,h13,0.063,19040.858500000002,6.641,38.0,-0.4698964736842105,128
58,e58-h1-h16-g0,h1,h16,128.0,6073.903,2.16,2.2,-0.2855852631578947,129
58,e58-h2-h15-g1,h2,h15,109.0,12192.958999999999,131.168,9.0,-0.5391052631578948,130
58,e58-h3-h14-g2,h3,h14,35.0,1919.024,0.671,0.63,-0.29672615789473683,131
58,e58-h4-h13-g3,h4,h13,49.3,2096.1735,0.196,1.3,-0.2993301052631579,132
59,e59-h3-h14-g2,h3,h14,35.9,26.48,44.429,55.0,-0.2840592105263158,133
59,e59-h4-h13-g3,h4,h13,5.31,24.836,0.0,0.0,-0.012665810526315787,134
60,e60-h1-h16-g0,h1,h16,162.0,3096.17,8.884,2.2,-0.2914414736842105,135
60,e60-h2-h15-g1,h2,h15,39.0,3221.7695,1.917,0.59,-0.29817994736842107,136
60,e60-h3-h14-g2,h3,h14,0.051,18129.815,0.0,0.0,-0.2999785263157895,137
61,e61-h1-h16-g0,h1,h16,950.0,3578.514,2.483,0.53,0.08460100000000004,138
62,e62-h1-h16-g0,h1,h16,120.0,24.64,77.593,5.7,-0.1997576842105263,139
62,e62-h2-h15-g1,h2,h15,38.7,24375.73,1.67,0.39,-0.2945652631578948,140
62,e62-h3-h14-g2,h3,h14,118.0,56.051,14.127,2.2,-0.05932738947368421,141
62,e62-h4-h13-g3,h4,h13,149.0,19341.644,101.835,34.0,-0.5372631578947369,142
63,e63-h1-h16-g0,h1,h16,952.0,27495.147,90.669,0.43,-0.05644999999999996,143
63,e63-h3-h14-g2,h3,h14,1.92,16709.023999999998,69.115,42.0,-0.5991915789473684,144
63,e63-h4-h13-g3,h4,h13,22.6,1334.1555,0.557,42.0,-0.4421552105263158,145
64,e64-h3-h14-g2,h3,h14,21.2,13446.871,1.393,67.0,-0.44525268421052633,146
65,e65-h1-h16-g0,h1,h16,31.8,28.904,58.796,49.0,-0.30395292631578946,147
65,e65-h2-h15-g1,h2,h15,6.65,21.579,1.909,44.0,-0.16587439999999998,148
66,e66-h1-h16-g0,h1,h16,950.0,2734.147,2.932,42.0,-0.05879599999999996,149
66,e66-h4-h13-g3,h4,h13,84.4,31.195,33.661,1.4,-0.10516315789473685,150
67,e67-h1-h16-g0,h1,h16,137.0,8343.569500000001,48.774,2.2,-0.42163778947368424,151
67,e67-h2-h15-g1,h2,h15,107.0,8928.6105,0.38,1.9,-0.2845873684210526,152
67,e67-h3-h14-g2,h3,h14,64.2,19.719,67.297,2.2,-0.16779982105263158,153
68,e68-h1-h16-g0,h1,h16,6.37,29.382,46.091,54.0,-0.3032200947368421,154
71,e71-h4-h13-g3,h4,h13,61.0,4923.551,4.555,0.47,-0.29503078947368416,155
73,e73-h4-h13-g3,h4,h13,51.3,1769.594,0.181,1.0,-0.293943,156
75,e75-h1-h16-g0,h1,h16,2.59,594.561,53.224,46.0,-0.5989094736842105,157
75,e75-h2-h15-g1,h2,h15,22.2,476.30449999999996,0.556,45.0,-0.4281033315789473,158
75,e75-h3-h14-g2,h3,h14,116.0,81.776,1.244,1.9,-0.032455494736842096,159
75,e75-h4-h13-g3,h4,h13,28.6,29444.146,85.417,5.3,-0.5174578947368421,160
76,e76-h2-h15-g1,h2,h15,75.0,25.988,75.676,1.3,-0.15351385263157893,161
76,e76-h3-h14-g2,h3,h14,948.0,3442.407,3.957,40.0,-0.06271310526315782,162
79,e79-h1-h16-g0,h1,h16,950.0,2814.981,1.886,0.2,0.09134200000000003,163
79,e79-h4-h13-g3,h4,h13,96.4,6559.688,27.913,1.6,-0.3671495263157895,164
80,e80-h2-h15-g1,h2,h15,101.0,1408.623,68.246,6.0,-0.4974736842105263,165
80,e80-h4-h13-g3,h4,h13,34.8,487.316,0.716,0.37,-0.2854349684210526,166
81,e81-h3-h14-g2,h3,h14,96.5,20768.61,61.621,3.3,-0.4588684210526316,167
82,e82-h1-h16-g0,h1,h16,3.27,1626.16,54.276,41.0,-0.5986231578947369,168
82,e82-h2-h15-g1,h2,h15,15.3,1574.973,0.762,41.0,-0.44584389473684205,169
82,e82-h4-h13-g3,h4,h13,44.3,4473.293,3.846,0.6,-0.3018853684210526,170
83,e83-h2-h15-g1,h2,h15,40.3,2959.365,2.275,0.67,-0.29990657894736844,171
84,e84-h1-h16-g0,h1,h16,27.6,241.691,111.027,44.0,-0.43339354736842106,172
84,e84-h3-h14-g2,h3,h14,8.82,5218.4865,1.359,45.0,-0.45036331578947364,173
84,e84-h4-h13-g3,h4,h13,28.6,3336.6270000000004,21.141,0.54,-0.3594808947368421,174
87,e87-h1-h16-g0,h1,h16,147.0,869.008,15.93,2.2,-0.31889526315789474,175
89,e89-h3-h14-g2,h3,h14,24.9,33.418,46.117,51.0,-0.2979175894736842,176
89,e89-h4-h13-g3,h4,h13,4.66,23.483,2.167,43.0,-0.1686286947368421,177
90,e90-h3-h14-g2,h3,h14,0.027,4158.64,5.673,39.0,-0.4670076315789473,178
91,e91-h3-h14-g2,h3,h14,75.6,633.413,1.876,5.9,-0.3622964210526316,179
92,e92-h3-h14-g2,h3,h14,121.0,1560.831,12.258,2.2,-0.3188266315789473,180
93,e93-h4-h13-g3,h4,h13,38.0,17427.1085,35.591,21.0,-0.540773,181
94,e94-h1-h16-g0,h1,h16,157.0,1137.817,71.967,2.8,-0.4258947368421052,182
94,e94-h3-h14-g2,h3,h14,17.5,27.423,56.193,49.0,-0.3090853789473684,183
96,e96-h2-h15-g1,h2,h15,71.9,34.286,0.0,0.0,0.009702084210526318,184
96,e96-h3-h14-g2,h3,h14,0.056,3849.449,4.726,39.0,-0.4641544210526316,185
97,e97-h2-h15-g1,h2,h15,67.3,26.363,75.206,1.2,-0.15548095789473682,186
97,e97-h4-h13-g3,h4,h13,26.5,1104.2515,1.13,42.0,-0.4422321052631579,187
99,e99-h1-h16-g0,h1,h16,4.5,21.397,1.382,44.0,-0.16508946315789474,188
99,e99-h2-h15-g1,h2,h15,25.8,24.07,43.15,51.0,-0.28302884210526313,189
100,e100-h4-h13-g3,h4,h13,15.6,28.937,51.568,49.0,-0.31079377894736837,190
102,e102-h2-h15-g1,h2,h15,0.672,3661.453,4.013,39.0,-0.46175605263157893,191
103,e103-h1-h16-g0,h1,h16,64.7,25746.316,72.934,1.2,-0.4407578947368421,192
103,e103-h3-h14-g2,h3,h14,16.4,32.802,53.52,45.0,-0.31277593684210525,193
103,e103-h4-h13-g3,h4,h13,0.042,2890.899,3.171,43.0,-0.45949531578947367,194
105,e105-h1-h16-g0,h1,h16,122.0,32.77,82.113,38.0,-0.2682935789473684,195
105,e105-h2-h15-g1,h2,h15,950.0,41803.964,14.234,1.4,0.03629800000000004,196
106,e106-h2-h15-g1,h2,h15,35.5,29.086,68.059,3.4,-0.20350423157894734,197
106,e106-h3-h14-g2,h3,h14,32.7,9379.295999999998,0.963,1.1,-0.3056205789473684,198
106,e106-h4-h13-g3,h4,h13,27.5,15668.123,0.0,0.0,-0.2884210526315789,199
108,e108-h2-h15-g1,h2,h15,0.929,1739.576,1.904,42.0,-0.45532084210526313,200
109,e109-h1-h16-g0,h1,h16,16.5,2542.563,1.632,3.5,-0.35044863157894734,201
110,e110-h2-h15-g1,h2,h15,43.9,3467.235,2.312,0.89,-0.3018017894736842,202
111,e111-h1-h16-g0,h1,h16,0.021,4124.646,5.305,39.0,-0.4659061578947369,203
112,e112-h2-h15-g1,h2,h15,69.9,26.2,86.441,18.0,-0.2862884210526315,204
112,e112-h3-h14-g2,h3,h14,56.4,32.481,34.383,22.0,-0.24889023157894735,205
113,e113-h1-h16-g0,h1,h16,80.1,935.848,38.008,2.0,-0.41029768421052637,206
113,e113-h2-h15-g1,h2,h15,132.0,949.413,235.782,53.0,-0.5444210526315789,207
113,e113-h3-h14-g2,h3,h14,4.5,2119.4845,0.794,43.0,-0.45048726315789467,208
113,e113-h4-h13-g3,h4,h13,27.0,1889.5385,2.08,44.0,-0.4448715789473684,209
114,e114-h1-h16-g0,h1,h16,78.0,77.934,62.463,5.0,-0.23891829473684212,210
115,e115-h1-h16-g0,h1,h16,20.5,34.219,63.434,55.0,-0.3118998210526316,211
116,e116-h4-h13-g3,h4,h13,0.02,3837.703,4.343,40.0,-0.46302057894736837,212
117,e117-h3-h14-g2,h3,h14,42.3,28.171,1.08,2.6,-0.041332073684210525,213
118,e118-h2-h15-g1,h2,h15,81.1,28751.046,83.052,2.3,-0.45035263157894734,214
119,e119-h1-h16-g0,h1,h16,31.7,26.106,0.0,0.0,-0.002316231578947366,215
119,e119-h3-h14-g2,h3,h14,30.1,1209.6815000000001,0.543,5.1,-0.36545531578947366,216
121,e121-h2-h15-g1,h2,h15,47.9,22.661,79.925,75.0,-0.2934281789473684,217
121,e121-h3-h14-g2,h3,h14,81.8,8695.662499999999,0.312,4.6,-0.3354938947368421,218
121,e121-h4-h13-g3,h4,h13,157.0,8041.2744999999995,42.2,3.0,-0.40549473684210524,219
122,e122-h1-h16-g0,h1,h16,46.9,3542.6015,0.266,2.1,-0.31255063157894736,220
122,e122-h3-h14-g2,h3,h14,86.3,6033.284,20.708,5.7,-0.41128715789473685,221
126,e126-h2-h15-g1,h2,h15,948.0,6282.94,6.29,3.2,0.03228789473684217,222
127,e127-h3-h14-g2,h3,h14,0.02,4339.73,0.0,0.0,-0.2999915789473684,223
128,e128-h2-h15-g1,h2,h15,88.9,26.323,66.1,2.3,-0.16286222105263157,224
128,e128-h3-h14-g2,h3,h14,38.2,52.791,45.457,49.0,-0.3019613894736842,225
128,e128-h4-h13-g3,h4,h13,4.95,21.374,1.867,44.0,-0.1663411894736842,226
130,e130-h1-h16-g0,h1,h16,32.2,778.3265,1.518,1.7,-0.3164961052631579,227
130,e130-h2-h15-g1,h2,h15,58.1,25.468,60.346,2.9,-0.18431764210526314,228
130,e130-h3-h14-g2,h3,h14,10.2,643.711,0.0,0.0,-0.29570526315789475,229
130,e130-h4-h13-g3,h4,h13,43.3,994.816,43.452,53.0,-0.5621244210526315,230
132,e132-h1-h16-g0,h1,h16,73.9,32.518,44.36,3.9,-0.1799750105263158,231
132,e132-h4-h13-g3,h4,h13,34.8,3069.293,2.163,2.4,-0.3278363684210526,232
133,e133-h4-h13-g3,h4,h13,0.04,5460.661,8.594,35.0,-0.47576515789473683,233
134,e134-h3-h14-g2,h3,h14,117.0,22.572,70.917,7.7,-0.22978004210526315,234
136,e136-h4-h13-g3,h4,h13,0.062,3199.888,3.543,41.0,-0.46060289473684213,235
138,e138-h3-h14-g2,h3,h14,69.1,45.692,0.351,1.9,-0.027873463157894733,236
138,e138-h4-h13-g3,h4,h13,73.9,21.689,84.361,3.2,-0.17989761052631575,237
139,e139-h2-h15-g1,h2,h15,89.8,9518.975,52.279,1.8,-0.4391894736842106,238
140,e140-h4-h13-g3,h4,h13,146.0,57.528,89.015,5.3,-0.20254311578947365,239
142,e142-h4-h13-g3,h4,h13,55.6,33.43,0.579,0.97,-0.012934473684210522,240
143,e143-h3-h14-g2,h3,h14,41.8,4892.299,4.828,0.9,-0.310384,241
144,e144-h1-h16-g0,h1,h16,42.0,23197.684,85.043,0.83,-0.4447657894736842,242
145,e145-h3-h14-g2,h3,h14,41.3,6169.885,6.169,2.4,-0.33711752631578945,243
146,e146-h1-h16-g0,h1,h16,137.0,50.167,156.268,85.0,-0.2724159894736842,244
146,e146-h2-h15-g1,h2,h15,91.8,30.752,64.541,1.8,-0.1567985684210526,245
146,e146-h3-h14-g2,h3,h14,116.0,12569.811,30.586,0.35,-0.34816589473684206,246
146,e146-h4-h13-g3,h4,h13,136.0,18.88,128.514,53.0,-0.25406484210526314,247
148,e148-h1-h16-g0,h1,h16,64.0,21585.921,74.724,1.2,-0.44105263157894736,248
148,e148-h3-h14-g2,h3,h14,54.8,10389.404,63.569,1.7,-0.45242631578947373,249
148,e148-h4-h13-g3,h4,h13,42.4,12004.3315,2.205,0.51,-0.29641236842105256,250
149,e149-h1-h16-g0,h1,h16,73.3,5765.007,70.983,1.2,-0.43713684210526316,251
149,e149-h2-h15-g1,h2,h15,71.6,6052.394499999999,0.236,1.4,-0.29156063157894735,252
149,e149-h3-h14-g2,h3,h14,37.2,14791.953,78.034,1.0,-0.44933684210526315,253
149,e149-h4-h13-g3,h4,h13,49.6,202.925,0.147,0.79,-0.11316178947368422,254
150,e150-h1-h16-g0,h1,h16,6.8,8922.665,15.038,32.0,-0.49225084210526315,255
150,e150-h2-h15-g1,h2,h15,67.1,781.518,54.468,64.0,-0.5717473684210527,256
150,e150-h3-h14-g2,h3,h14,15.1,26.82,50.116,44.0,-0.3097341052631579,257
150,e150-h4-h13-g3,h4,h13,2.66,1752.942,1.476,45.0,-0.45330799999999993,258
152,e152-h1-h16-g0,h1,h16,3.68,6888.888,117.826,43.0,-0.5984505263157894,259
152,e152-h2-h15-g1,h2,h15,3.46,410.988,1.966,42.0,-0.40103395789473684,260
152,e152-h3-h14-g2,h3,h14,139.0,3333.9735,0.206,1.7,-0.2675916842105263,261
152,e152-h4-h13-g3,h4,h13,120.0,3197.2155000000002,11.953,2.0,-0.3153326842105263,262
153,e153-h2-h15-g1,h2,h15,0.054,3342.526,4.013,41.0,-0.4620162631578948,263
153,e153-h3-h14-g2,h3,h14,75.4,26.39,44.007,1.2,-0.13410763157894734,264
153,e153-h4-h13-g3,h4,h13,122.0,56.718,134.588,75.0,-0.2826623789473684,265
157,e157-h4-h13-g3,h4,h13,951.0,2300.977,1.113,0.24,0.09306100000000003,266
158,e158-h4-h13-g3,h4,h13,41.1,2524.032,1.331,0.46,-0.29358773684210526,267
159,e159-h3-h14-g2,h3,h14,28.7,18755.376,62.006,8.9,-0.5714157894736842,268
159,e159-h4-h13-g3,h4,h13,22.7,18268.767,108.501,89.0,-0.5904421052631579,269
163,e163-h1-h16-g0,h1,h16,52.7,50.706,2.115,52.0,-0.16457912631578947,270
163,e163-h2-h15-g1,h2,h15,7.0,23.722,46.695,48.0,-0.30137083157894734,271
163,e163-h3-h14-g2,h3,h14,29.5,25.379,109.311,73.0,-0.30280634736842105,272
163,e163-h4-h13-g3,h4,h13,114.0,90.445,33.424,1.8,-0.13353899999999996,273
165,e165-h2-h15-g1,h2,h15,15.9,22.827,61.625,45.0,-0.3070014631578947,274
165,e165-h4-h13-g3,h4,h13,72.0,23349.979,83.437,1.2,-0.4376842105263158,275
167,e167-h1-h16-g0,h1,h16,0.04,4278.661,5.887,38.0,-0.4676441578947368,276
168,e168-h1-h16-g0,h1,h16,14.2,616.5005,1.45,65.0,-0.44837105263157895,277
168,e168-h2-h15-g1,h2,h15,2.79,342.335,59.926,44.0,-0.5042262631578948,278
168,e168-h3-h14-g2,h3,h14,4.98,855.17,5.9,26.0,-0.46560315789473683,279
169,e169-h1-h16-g0,h1,h16,52.2,7891.76,57.037,13.0,-0.578021052631579,280
169,e169-h3-h14-g2,h3,h14,31.0,3428.599,2.342,0.75,-0.3052233684210526,281
170,e170-h1-h16-g0,h1,h16,34.4,19.607,40.33,26.0,-0.2682699894736842,282
170,e170-h3-h14-g2,h3,h14,3.14,1922.5659999999998,0.943,44.0,-0.45150689473684213,283
170,e170-h4-h13-g3,h4,h13,4.38,1861.601,0.384,43.0,-0.4493077894736842,284
172,e172-h1-h16-g0,h1,h16,125.0,412.53,177.078,95.0,-0.4948864210526316,285
172,e172-h3-h14-g2,h3,h14,2.76,1678.047,0.355,45.0,-0.4499028947368421,286
172,e172-h4-h13-g3,h4,h13,2.96,1656.807,1.206,45.0,-0.4523716842105263,287
173,e173-h4-h13-g3,h4,h13,121.0,22.722,31.999,2.0,-0.08868283157894737,288
175,e175-h1-h16-g0,h1,h16,129.0,28.501,84.321,1.9,-0.14128481052631578,289
175,e175-h4-h13-g3,h4,h13,132.0,32.859,90.336,7.7,-0.22963645263157892,290
178,e178-h2-h15-g1,h2,h15,950.0,3248.489,2.279,0.4,0.08716300000000003,291
179,e179-h1-h16-g0,h1,h16,52.5,4296.573,3.543,0.45,-0.2952737368421052,292
182,e182-h1-h16-g0,h1,h16,158.0,1155.219,42.145,1.8,-0.3869086842105263,293
183,e183-h3-h14-g2,h3,h14,69.9,10434.974,110.592,47.0,-0.5705684210526316,294
183,e183-h4-h13-g3,h4,h13,63.0,20419.667,20.152,1.2,-0.35192968421052634,295
185,e185-h4-h13-g3,h4,h13,0.047,5181.655,7.83,36.0,-0.47347021052631577,296
186,e186-h3-h14-g2,h3,h14,20.2,1157.1170000000002,1.382,42.0,-0.44564073684210526,297
187,e187-h2-h15-g1,h2,h15,31.3,2190.533,0.918,0.88,-0.3027750526315789,298
187,e187-h3-h14-g2,h3,h14,59.2,21.771,75.13,1.6,-0.1621362842105263,299
187,e187-h4-h13-g3,h4,h13,147.0,31.789,176.167,96.0,-0.2571786631578947,300
191,e191-h1-h16-g0,h1,h16,9.13,5284.610000000001,2.079,65.0,-0.4523927894736842,301
191,e191-h2-h15-g1,h2,h15,38.5,59.043,56.151,45.0,-0.31921527368421054,302
193,e193-h2-h15-g1,h2,h15,70.0,289.114,78.952,5.7,-0.3794947157894737,303
193,e193-h4-h13-g3,h4,h13,31.3,728.8765,0.66,0.31,-0.2934510526315789,304
194,e194-h1-h16-g0,h1,h16,110.0,29.656,74.453,4.3,-0.1859778105263158,305
194,e194-h2-h15-g1,h2,h15,74.9,53.545,0.519,2.7,-0.042647157894736845,306
194,e194-h3-h14-g2,h3,h14,56.5,22.746,75.225,2.5,-0.17735812631578948,307
196,e196-h4-h13-g3,h4,h13,99.6,2995.547,60.253,11.0,-0.5580631578947368,308
197,e197-h2-h15-g1,h2,h15,110.0,12337.341,28.701,1.5,-0.3622872105263158,309
198,e198-h4-h13-g3,h4,h13,79.5,24286.64,0.0,0.0,-0.26652631578947367,310
201,e201-h3-h14-g2,h3,h14,93.3,5800.927,20.675,2.5,-0.36024078947368415,311
201,e201-h4-h13-g3,h4,h13,159.0,6039.173,107.749,50.0,-0.5330526315789473,312
202,e202-h1-h16-g0,h1,h16,72.6,19.973,85.686,2.9,-0.17491537894736842,313
202,e202-h2-h15-g1,h2,h15,67.4,214.219,0.377,1.4,-0.12228345263157891,314
202,e202-h4-h13-g3,h4,h13,19.8,291.5475,0.512,42.0,-0.31812765789473685,315
204,e204-h1-h16-g0,h1,h16,94.1,21.419,58.277,1.5,-0.14573034736842105,316
204,e204-h2-h15-g1,h2,h15,168.0,44.258,121.565,87.0,-0.2558179578947368,317
204,e204-h3-h14-g2,h3,h14,5.49,23.591,39.257,48.0,-0.27961402105263156,318
204,e204-h4-h13-g3,h4,h13,42.3,49.852,0.286,49.0,-0.16295867368421052,319
206,e206-h2-h15-g1,h2,h15,116.0,8623.512,33.961,1.9,-0.38154089473684205,320
207,e207-h4-h13-g3,h4,h13,15.9,28.862,61.92,52.0,-0.3106224631578947,321
208,e208-h4-h13-g3,h4,h13,19.5,29.993,50.901,53.0,-0.3097852736842105,322
209,e209-h4-h13-g3,h4,h13,15.5,33.517,60.597,56.0,-0.3135838842105263,323
210,e210-h1-h16-g0,h1,h16,63.1,25747.785,84.666,1.3,-0.4429315789473684,324
211,e211-h3-h14-g2,h3,h14,0.038,3928.322,4.365,39.0,-0.463079,325
212,e212-h2-h15-g1,h2,h15,93.1,33.005,58.973,1.7,-0.156103,326
212,e212-h3-h14-g2,h3,h14,0.02,28012.985,3.336,40.0,-0.4599995789473684,327
212,e212-h4-h13-g3,h4,h13,17.8,23.207,63.096,48.0,-0.30642946315789477,328
213,e213-h2-h15-g1,h2,h15,40.7,12669.7145,0.48,2.2,-0.31730315789473684,329
214,e214-h3-h14-g2,h3,h14,3.68,26.002,69.711,48.0,-0.3140517263157895,330
215,e215-h4-h13-g3,h4,h13,0.071,3296.841,4.133,40.0,-0.4623691052631579,331
216,e216-h1-h16-g0,h1,h16,178.0,22.061,90.921,8.8,-0.22028923157894736,332
216,e216-h2-h15-g1,h2,h15,28.2,4540.653,3.918,2.1,-0.3313803157894737,333
217,e217-h1-h16-g0,h1,h16,96.3,267.909,50.503,1.6,-0.2941980315789474,334
217,e217-h3-h14-g2,h3,h14,46.0,1889.2105,0.707,3.1,-0.32925257894736837,335
217,e217-h4-h13-g3,h4,h13,50.6,1713.4315000000001,0.366,0.78,-0.29149273684210525,336
220,e220-h3-h14-g2,h3,h14,23.0,6803.285,1.83,1.6,-0.3198057894736842,337
220,e220-h4-h13-g3,h4,h13,180.0,6320.789,27.947,2.1,-0.33955152631578944,338
221,e221-h2-h15-g1,h2,h15,948.0,4455.566,3.323,0.81,0.07703889473684217,339
222,e222-h2-h15-g1,h2,h15,112.0,48.65,19.508,2.9,-0.08405610526315788,340
222,e222-h3-h14-g2,h3,h14,129.0,6397.5135,32.023,2.9,-0.3852532105263158,341
222,e222-h4-h13-g3,h4,h13,79.5,6556.9105,0.607,1.4,-0.2893473157894737,342
228,e228-h1-h16-g0,h1,h16,48.5,1906.5555,1.542,0.33,-0.28915494736842107,343
228,e228-h2-h15-g1,h2,h15,24.9,1975.3795,0.527,2.1,-0.3225967894736842,344
228,e228-h3-h14-g2,h3,h14,106.0,975.646,40.419,3.2,-0.42462542105263157,345
228,e228-h4-h13-g3,h4,h13,117.0,516.708,228.351,54.0,-0.5507368421052632,346
229,e229-h1-h16-g0,h1,h16,96.8,383.616,20.254,2.1,-0.28167370526315794,347
229,e229-h2-h15-g1,h2,h15,130.0,5557.062,108.379,47.0,-0.5452631578947368,348
231,e231-h3-h14-g2,h3,h14,56.5,29.567,74.86,2.5,-0.18145072631578948,349
232,e232-h3-h14-g2,h3,h14,30.1,5106.242,4.433,1.3,-0.3201253157894737,350
233,e233-h2-h15-g1,h2,h15,36.3,26.69,0.798,2.9,-0.04662378947368421,351
233,e233-h4-h13-g3,h4,h13,94.1,19.037,58.723,1.7,-0.14730114736842104,352
234,e234-h2-h15-g1,h2,h15,112.0,50.794,30.531,3.1,-0.12141150526315787,353
234,e234-h3-h14-g2,h3,h14,85.1,54.387,0.559,2.8,-0.04047762105263157,354
234,e234-h4-h13-g3,h4,h13,77.2,26.193,85.194,4.2,-0.19621053684210524,355
237,e237-h1-h16-g0,h1,h16,121.0,25.781,27.447,2.0,-0.07686223157894737,356
237,e237-h2-h15-g1,h2,h15,158.0,54.075,115.206,54.0,-0.2659186842105263,357
238,e238-h1-h16-g0,h1,h16,42.9,21938.779,85.96,0.87,-0.4449868421052632,358
239,e239-h4-h13-g3,h4,h13,43.4,3607.396,2.93,0.59,-0.2993663157894737,359
240,e240-h3-h14-g2,h3,h14,91.7,19526.075,112.188,49.0,-0.5613894736842105,360
240,e240-h4-h13-g3,h4,h13,139.0,12534.659,25.581,2.0,-0.3482166842105263,361
241,e241-h2-h15-g1,h2,h15,25.5,4461.183,3.578,1.4,-0.3209971578947369,362
244,e244-h1-h16-g0,h1,h16,66.6,7850.1625,47.318,1.1,-0.4304118947368421,363
245,e245-h3-h14-g2,h3,h14,160.0,7435.098,32.716,3.3,-0.3802795789473684,364
245,e245-h4-h13-g3,h4,h13,40.8,7722.9925,1.679,0.47,-0.29490805263157893,365
246,e246-h1-h16-g0,h1,h16,37.0,2086.489,0.944,0.54,-0.2953530526315789,366
246,e246-h3-h14-g2,h3,h14,89.0,11259.1395,28.57,2.9,-0.39173631578947365,367
246,e246-h4-h13-g3,h4,h13,156.0,6589.89,111.463,55.0,-0.5343157894736842,368
248,e248-h1-h16-g0,h1,h16,52.8,5190.79,0.185,0.82,-0.29062342105263156,369
248,e248-h2-h15-g1,h2,h15,153.0,5306.512000000001,31.795,2.3,-0.365463947368421,370
248,e248-h3-h14-g2,h3,h14,64.1,5409.771000000001,0.422,1.4,-0.2952765263157895,371
248,e248-h4-h13-g3,h4,h13,105.0,5194.464,38.319,1.8,-0.39774647368421057,372
250,e250-h3-h14-g2,h3,h14,75.2,20965.536,71.334,2.6,-0.4573368421052631,373
250,e250-h4-h13-g3,h4,h13,148.0,11331.705,175.665,93.0,-0.5376842105263158,374
